id,firstname,name,birthmonth,birthday,birthyear,birthcity,field,company1city,company1name,university,bio
0,Bailey,Bailey Prince,January,8,1946,"Oklahoma City, OK",Management,"New York, NY",Peacock,Northwestern University," Bailey Prince celebrates their special day on January 8, 1946. He was welcomed into the world in Oklahoma City, OK. He engaged in research projects while studying at Northwestern University. He deepened their understanding of Management. He was part of the workforce driving innovation in New York, NY. He played a role in the success of Peacock."
1,Arianna,Arianna Dixon,August,25,1952,"Baton Rouge, LA",Journalism,"New York, NY",SiriusXM,University of Pennsylvania," Arianna Dixon reflects on the day they were born, August 25, 1952, and all the blessings that followed. She has a strong affinity for Baton Rouge, LA. She developed valuable networks and connections within their field of study at University of Pennsylvania. She gained practical knowledge in Journalism through real-world projects. She was part of the workforce driving innovation in New York, NY. She embraced the opportunities and challenges of working at SiriusXM."
2,Bryson,Bryson Elise Crowther,May,16,1970,"Newport News, VA",Film,"Menlo Park, CA",Facebook,University of Texas Health Science Center at San Antonio," Bryson Elise Crowther was brought into existence on May 16, 1970. He has family ties to Newport News, VA. He benefited from the diverse and inclusive learning environment at University of Texas Health Science Center at San Antonio. He focused on Film during their studies. He contributed to the economy of Menlo Park, CA. He gained work experience at Facebook."
3,Skylar,Skylar Kevin Winter,May,20,1967,"Plano, TX",Sociology,"Dublin, OH",Wendy's,College of William & Mary," Skylar Kevin Winter's birthday falls on May 20, 1967. She embraces their birth city of Plano, TX. She deepened their understanding of their field of study through courses at College of William & Mary. She developed a strong foundation in Sociology. She acquired industry-specific knowledge while working in Dublin, OH. She was part of a dynamic work environment at Wendy's."
4,Chase,Chase Aubrey Simpson,October,8,1956,"Orlando, FL",Data Science,"Rockleigh, NJ",Volvo,University of Texas Rio Grande Valley," Chase Aubrey Simpson took their first breath on October 8, 1956. He associates their identity with Orlando, FL. He had the opportunity to contribute to the research and innovation ecosystem at University of Texas Rio Grande Valley. He developed a strong theoretical foundation in Data Science. He gained valuable skills while working in Rockleigh, NJ. He was part of the workforce at Volvo."
5,Jack,Jack Hicks,October,7,1965,"St. Louis, MO",Applied Accounting,"Mountain View, CA",Google,Oakland University," Jack Hicks celebrates their life journey every year on October 7, 1965. She holds St. Louis, MO close to their heart. She attended Oakland University for their education. She conducted fieldwork in Applied Accounting. She contributed to the economy of Mountain View, CA. She had employment prospects at Google."
6,Megan,Megan Maddox Lloyd,January,20,1966,"Los Angeles, CA",Public Administration,"San Diego, CA",Qualcomm,East Carolina University," Megan Maddox Lloyd took their first breath on January 20, 1966. He always carries a piece of Los Angeles, CA within them. He undertook their academic journey at East Carolina University. He pursued interdisciplinary studies related to Public Administration. He had employment prospects in San Diego, CA. He pursued professional opportunities at Qualcomm."
7,Giovanni,Giovanni Nixon,May,14,1974,"Rochester, NY",Data Science,"Juno Beach, FL",NextEra Energy,University of Connecticut," Giovanni Nixon took their first breath on May 14, 1974. She owes their birth to Rochester, NY. She was enrolled at University of Connecticut for their studies. She has in-depth knowledge of Data Science. She was employed by a reputable company in Juno Beach, FL. She embraced the opportunities and challenges of working at NextEra Energy."
8,Diana,Diana Penelope Prescott,March,28,1988,"Madison, WI",Technology,"Greenwood Village, CO",Newmont Corporation,Florida State University," Diana Penelope Prescott was brought into existence on March 28, 1988. He came into the world in Madison, WI. He attended Florida State University for their education. He studied Technology and its impact on society. He was immersed in the professional scene of Greenwood Village, CO. He acquired industry knowledge while working at Newmont Corporation."
9,Cristian,Cristian Crossley,June,23,1948,"Salem, OR",International Business,"Newark, NJ",Public Service Enterprise Group,University of Texas Health Science Center at San Antonio," Cristian Crossley celebrates their birthday on June 23, 1948. She has a deep connection to Salem, OR. She earned their degree at University of Texas Health Science Center at San Antonio. She pursued a degree in International Business. She contributed to the local economy of Newark, NJ. She worked with clients and customers of Public Service Enterprise Group."
10,Eli,Eli Hardman,March,20,1990,"Irving, TX",Applied Business,"Milwaukee, WI",Harley-Davidson,Michigan State University," Eli Hardman arrived in this world with joy and blessings on March 20, 1990. He is a native of Irving, TX. He was recognized for their academic achievements at Michigan State University. He acquired skills in Applied Business. He played a role in the business sector of Milwaukee, WI. He had a job at Harley-Davidson."
11,Shelby,Shelby Isla Stacey,August,6,1984,"Waco, TX",Accounting,"Omaha, NE",Union Pacific Corporation,Nova Southeastern University," Shelby Isla Stacey's birth date is August 6, 1984. She holds Waco, TX close to their heart. She received guidance and mentorship from alumni of Nova Southeastern University who excelled in their field. She studied Accounting. She had a job opportunity in Omaha, NE. She contributed to the success of Union Pacific Corporation."
12,Kate,Kate Rowe,September,23,1967,"Durham, NC",Information Management,"Austin, TX",Whole Foods,University of Texas Southwestern Medical Center," Kate Rowe pays tribute to their birth day, September 23, 1967, each year. He owes their birth to Durham, NC. He presented their research findings at academic symposiums held at University of Texas Southwestern Medical Center. He deepened their understanding of Information Management. He was part of a professional team in Austin, TX. He contributed to the growth and development of Whole Foods."
13,Jesus,Jesus Stanton,February,2,1972,"Henderson, NV",Organizational Leadership,"San Jose, CA",eBay,Syracuse University," Jesus Stanton recognizes February 2, 1972 as their birth date. She hails from Henderson, NV. She graduated from Syracuse University. She has a strong background in Organizational Leadership. She held a position in San Jose, CA. She was employed by eBay, a reputable company."
14,Cassandra,Cassandra Parkin,June,21,1962,"Denver, CO",Applied Accounting,"Foster City, CA",Visa,Fordham University," Cassandra Parkin recognizes June 21, 1962 as their birth date. He spent their early years in Denver, CO. He completed their education at Fordham University with distinction. He engaged in collaborative projects in Applied Accounting. He embraced the opportunities and challenges of working in Foster City, CA. He played a role in the success of Visa."
15,Madelyn,Madelyn Coles,September,20,1996,"Sioux Falls, SD",Architecture,"New York, NY",Bristol-Myers Squibb,University of Wisconsin - Madison," Madelyn Coles celebrates another year of life on September 20, 1996. She was welcomed into the world in Sioux Falls, SD. She completed their thesis or dissertation as a requirement for graduation from University of Wisconsin - Madison. She focused on Architecture during their studies. She had a job opportunity in New York, NY. She was employed by Bristol-Myers Squibb, a reputable company."
16,Kyle,Kyle Josephine Cairns,December,27,1946,"Kansas City, KS",Political Science,"Santa Clara, CA",Applied Materials,Kent State University," Kyle Josephine Cairns was born on December 27, 1946. He has a strong affinity for Kansas City, KS. He pursued advanced coursework at Kent State University. He gained practical knowledge in Political Science through real-world projects. He was engaged in work activities in Santa Clara, CA. He contributed to the growth of Applied Materials."
17,Amber,Amber Aldridge,August,10,1992,"Orange, CA",Liberal Arts,"Newport Beach, CA",Chipotle,"University of North Texas, Denton"," Amber Aldridge marks their birthday every year on August 10, 1992. She feels a deep connection to Orange, CA. She developed valuable networks and connections within their field of study at University of North Texas, Denton. She studied Liberal Arts. She embraced the opportunities and challenges of working in Newport Beach, CA. She had a job opportunity at Chipotle."
18,Christopher,Christopher Fletcher,June,6,1951,"Santa Ana, CA",Botany,"Louisville, KY",Humana,Boise State University," Christopher Fletcher was gifted to the world on June 6, 1951. He was welcomed into the world in Santa Ana, CA. He engaged in hands-on learning experiences that prepared them for their career at Boise State University. He applied their knowledge of Botany to real-world problems. He experienced the work culture of Louisville, KY. He embraced the opportunities and challenges of working at Humana."
19,Julia,Julia Farrell,July,27,1946,"Montgomery, AL",Software Engineering,"Oakland, CA",Pandora,Menlo College," Julia Farrell arrived in this world with joy and blessings on July 27, 1946. She has roots in Montgomery, AL. She had the opportunity to study abroad as part of their program at Menlo College. She specialized in Software Engineering and its applications. She had a job opportunity in Oakland, CA. She was part of the workforce at Pandora."
20,Alexander,Alexander Jaden Boyle,October,22,1960,"Birmingham, AL",Civil Engineering,"Burbank, CA",Disney+,"University of California, Irvine"," Alexander Jaden Boyle recognizes October 22, 1960 as their birth date. He has a strong sense of belonging to Birmingham, AL. He collaborated with industry partners during their studies at University of California, Irvine. He specialized in the field of Civil Engineering. He gained insights into the business landscape of Burbank, CA. He had employment prospects at Disney+."
21,Erik,Erik Abbott,December,7,1959,"Yonkers, NY",Cybersecurity,"Rockleigh, NJ",Volvo,Northeastern University," Erik Abbott arrived in this world on December 7, 1959, a day to be remembered. She took their first breath in Yonkers, NY. She was part of a vibrant and diverse student community at Northeastern University. She applied their knowledge of Cybersecurity. She contributed to the economy of Rockleigh, NJ. She was immersed in the professional scene at Volvo."
22,Erik,Erik Zoey Eaton,May,24,1987,"Syracuse, NY",Engineering Management,"South Burlington, VT",Ben & Jerry's,Florida Atlantic University," Erik Zoey Eaton was brought into existence on May 24, 1987. He has a strong affinity for Syracuse, NY. He was enrolled at Florida Atlantic University for their studies. He specialized in Engineering Management and its related disciplines. He experienced the work culture of South Burlington, VT. He was a key asset to Ben & Jerry's's success."
23,Francisco,Francisco Benjamin Bennett,January,27,1953,"Gilbert, AZ",Analytics,"Chicago, IL",Exelon,Case Western Reserve University," Francisco Benjamin Bennett was born into this beautiful world on January 27, 1953. She has a personal connection to Gilbert, AZ. She had the opportunity to participate in cutting-edge research projects at Case Western Reserve University. She pursued a degree in Analytics. She had a professional role in Chicago, IL. She gained valuable skills while working at Exelon."
24,Hope,Hope Melanie Holt,May,7,1954,"Raleigh, NC",Administration,"Milford, CT",Subway,"University of North Texas, Denton"," Hope Melanie Holt acknowledges their birth day as May 7, 1954. He took their first breath in Raleigh, NC. He explored interdisciplinary approaches to learning at University of North Texas, Denton. He analyzed Administration in their studies. He collaborated with colleagues in Milford, CT. He gained valuable experience at Subway in their role."
25,Savannah,Savannah Hopkins,December,19,1985,"Lakewood, CO",Project Management,"Palo Alto, CA",Tesla,University at Buffalo," Savannah Hopkins came into existence on the significant date of December 19, 1985. She associates their childhood with Lakewood, CO. She had the opportunity to study abroad as part of their program at University at Buffalo. She pursued advanced studies in Project Management. She was part of the workforce driving innovation in Palo Alto, CA. She was employed at Tesla, a respected company."
26,Emma,Emma Leah Hughes,April,12,1947,"Peoria, AZ",Public Health,"North Chicago, IL",AbbVie,Creighton University," Emma Leah Hughes was born into this beautiful world on April 12, 1947. He owes their heritage to Peoria, AZ. He acquired their knowledge and skills at Creighton University. He focused on Public Health during their studies. He was immersed in the professional scene of North Chicago, IL. He made significant contributions to AbbVie during their tenure."
27,Kendall,Kendall Miguel Stephenson,July,31,1989,"Orange, CA",Film,"San Ramon, CA",Chevron,Pennsylvania State University," Kendall Miguel Stephenson looks forward to their birthday every year on July 31, 1989. She has roots in Orange, CA. She studied at Pennsylvania State University. She specialized in Film and its applications. She contributed their expertise to a company in San Ramon, CA. She made significant contributions to Chevron during their tenure."
28,Avery,Avery Nicholls,December,2,1987,"Lubbock, TX",Human Resource Management,"Atlanta, GA",Coca-Cola,University of New Mexico," Avery Nicholls entered the world on December 2, 1987. He often reminisces about Lubbock, TX. He had the opportunity to study abroad as part of their program at University of New Mexico. He developed a strong theoretical foundation in Human Resource Management. He contributed to the local economy of Atlanta, GA. He made significant contributions to Coca-Cola during their tenure."
29,Alan,Alan Dutton,September,8,1989,"Worcester, MA",Applied Accounting,"Boston, MA",Reebok,University of New Hampshire," Alan Dutton arrived on September 8, 1989. She took their first breath in Worcester, MA. She undertook their academic journey at University of New Hampshire. She conducted experiments in Applied Accounting. She contributed to the growth of a company in Boston, MA. She embraced the opportunities and challenges of working at Reebok."
30,Briana,Briana Brantley Horton,June,9,1960,"Norfolk, VA",Human Services,"Boston, MA",Fidelity Investments,College of the Holy Cross," Briana Brantley Horton arrived in this world with joy and blessings on June 9, 1960. He entered this world in Norfolk, VA. He received a well-rounded education that prepared them for success after graduating from College of the Holy Cross. He dedicated their studies to Human Services. He was part of the workforce in Boston, MA. He was part of a dynamic work environment at Fidelity Investments."
31,Sabrina,Sabrina Lovell,January,27,1947,"Jackson, MS",Analytics,"Orlando, FL",Darden Restaurants,"University of California, Irvine"," Sabrina Lovell was born on the memorable date of January 27, 1947. She was brought up in Jackson, MS. She acquired their knowledge and skills at University of California, Irvine. She completed a rigorous program in Analytics. She contributed to the growth of a company in Orlando, FL. She contributed to the success of Darden Restaurants."
32,Jeffrey,Jeffrey Edward Payne,November,23,1989,"Baltimore, MD",General Studies,"Burbank, CA",Disney+,"University of Maryland, Baltimore"," Jeffrey Edward Payne has their annual celebration on November 23, 1989. He owes their heritage to Baltimore, MD. He had the opportunity to participate in cutting-edge research projects at University of Maryland, Baltimore. He specialized in General Studies and its related disciplines. He held a position in Burbank, CA. He was a key asset to Disney+'s success."
33,Amanda,Amanda Hooper,May,3,1983,"Eugene, OR",Film,"Waltham, MA",Raytheon,Stony Brook University," Amanda Hooper arrived in this world with joy and blessings on May 3, 1983. She was born and raised in Eugene, OR. She participated in various extracurricular activities at Stony Brook University. She gained insights into Film through hands-on experiments. She was involved in the professional community of Waltham, MA. She worked on projects at Raytheon."
34,Brianna,Brianna Yates,March,23,1977,"Clarksville, TN",Counseling,"Boston, MA",Fidelity Investments,Fairfield University," Brianna Yates recognizes March 23, 1977 as their birth date. He embraces their birth city of Clarksville, TN. He received guidance and mentorship from alumni of Fairfield University who excelled in their field. He completed a rigorous program in Counseling. He contributed to the growth of a company in Boston, MA. He gained insights into the industry while working at Fidelity Investments."
35,Jada,Jada Hawkins,March,6,1952,"Toledo, OH",Project Management,"New York, NY",NBC,Brandeis University," Jada Hawkins rejoices on March 6, 1952, the day they were born. She has a special bond with Toledo, OH. She undertook their academic journey at Brandeis University. She studied Project Management and its impact on society. She collaborated with colleagues in New York, NY. She had a job opportunity at NBC."
36,Destiny,Destiny Oscar Lindsay,August,20,1984,"Chicago, IL",English,"New York, NY",Goldman Sachs,Santa Clara University," Destiny Oscar Lindsay was brought into existence on August 20, 1984. He has fond memories of Chicago, IL. He was awarded scholarships and grants to support their education at Santa Clara University. He specialized in English and its related disciplines. He had employment prospects in New York, NY. He was involved in the day-to-day operations of Goldman Sachs."
37,Colby,Colby Sharman,May,2,1995,"Fontana, CA",Information Systems Management,"Toronto, Canada",Tim Hortons,"California Polytechnic State University, San Luis Obispo"," Colby Sharman took their first breath on May 2, 1995. She hails from Fontana, CA. She earned their degree at California Polytechnic State University, San Luis Obispo. She conducted fieldwork in Information Systems Management. She spent time working in Toronto, Canada. She was part of the team at Tim Hortons."
38,Lillian,Lillian Alexandra Cooke,October,2,1991,"San Diego, CA",Journalism,"Pittsburgh, PA",American Eagle,Medical University of South Carolina," Lillian Alexandra Cooke acknowledges their birth day as October 2, 1991. He associates their childhood with San Diego, CA. He attended Medical University of South Carolina for their education. He excelled in Journalism. He was part of a dynamic work environment in Pittsburgh, PA. He gained valuable experience at American Eagle in their role."
39,Omar,Omar Buckley,March,14,1978,"Virginia Beach, VA",Applied Business,"San Jose, CA",Western Digital,College of the Holy Cross," Omar Buckley rejoices on March 14, 1978 and cherishes the milestones they've achieved. She cherishes their connection to Virginia Beach, VA. She undertook their academic journey at College of the Holy Cross. She developed a strong foundation in Applied Business. She gained valuable experience in San Jose, CA's business environment. She played a role in the success of Western Digital."
40,Ariana,Ariana Annabelle Barry,January,8,1997,"Baltimore, MD",Music,"Pittsburgh, PA",PNC Financial Services,Lehigh University," Ariana Annabelle Barry entered the world on January 8, 1997. He feels a deep connection to Baltimore, MD. He pursued their education at Lehigh University. He acquired a deep understanding of Music concepts. He worked with clients and customers from Pittsburgh, PA. He gained insights into the industry while working at PNC Financial Services."
41,Maya,Maya Izabella Preece,February,10,1957,"Syracuse, NY",Telecommunications,"Palo Alto, CA",HP,Manhattan College," Maya Izabella Preece commemorates their birth on the same day each year, February 10, 1957. She has a deep connection to Syracuse, NY. She took part in internships and practical training opportunities offered by Manhattan College. She acquired a deep understanding of Telecommunications concepts. She contributed their expertise to a company in Palo Alto, CA. She gained insights into the industry while working at HP."
42,Lauren,Lauren Colin Gibson,March,17,1984,"Dallas, TX",Physics,"Louisville, KY",Papa John's,University of Puerto Rico at Mayagüez," Lauren Colin Gibson rejoices on March 17, 1984, the day they were born. He has fond memories of Dallas, TX. He developed valuable networks and connections within their field of study at University of Puerto Rico at Mayagüez. He completed a comprehensive program in Physics. He participated in projects that impacted Louisville, KY. He was part of the workforce driving innovation at Papa John's."
43,Evan,Evan Blair Conway,November,13,1951,"Stockton, CA",French,"New York, NY",Paramount+,City College of New York," Evan Blair Conway's birthday falls on November 13, 1951. She feels a deep connection to Stockton, CA. She completed their studies at City College of New York. She gained hands-on experience in French. She contributed to the economy of New York, NY. She contributed to the success of Paramount+ in their role."
44,Jayla,Jayla Maguire,September,29,1994,"Long Beach, CA",Commerce,"Hershey, PA",Hershey,Brandeis University," Jayla Maguire's birth is celebrated annually on September 29, 1994. He cherishes their connection to Long Beach, CA. He explored interdisciplinary approaches to learning at Brandeis University. He explored the theoretical aspects of Commerce. He collaborated with colleagues in Hershey, PA. He had a job at Hershey."
45,Jose,Jose Casey,January,1,1955,"Brownsville, TX",Applied Accounting,"Menlo Park, CA",Facebook,Colorado School of Mines," Jose Casey celebrates their birthday on January 1, 1955. She has roots in Brownsville, TX. She received mentorship and guidance from renowned faculty members at Colorado School of Mines. She acquired a deep understanding of Applied Accounting concepts. She pursued professional opportunities in Menlo Park, CA. She was a key asset to Facebook's success."
46,Conner,Conner Armitage,July,2,1985,"Durham, NC",Sociology,"Dublin, OH",Cardinal Health,Trinity University," Conner Armitage marks their birthday every year on July 2, 1985. He takes pride in their birthplace, Durham, NC. He collaborated with industry partners during their studies at Trinity University. He completed their education with a focus on Sociology. He pursued professional opportunities in Dublin, OH. He was a key asset to Cardinal Health's success."
47,Ian,Ian Franks,April,2,1948,"Charlotte, NC",Informatics,"Houston, TX",Crown Castle,Swarthmore College," Ian Franks pays tribute to the day they were born, April 2, 1948. She takes pride in their birthplace, Charlotte, NC. She was part of a vibrant and diverse student community at Swarthmore College. She acquired skills in Informatics. She contributed their skills to the economic development of Houston, TX. She made significant contributions to Crown Castle during their tenure."
48,Kylee,Kylee Braxton McGowan,February,27,1957,"Kansas City, MO",Chemistry,"New York, NY",Revlon,University of Wyoming," Kylee Braxton McGowan acknowledges their birth day as February 27, 1957. He has a profound appreciation for Kansas City, MO. He received mentorship and guidance from renowned faculty members at University of Wyoming. He specialized in Chemistry and its applications. He participated in projects that impacted New York, NY. He worked at Revlon and made a positive impact in their field."
49,Lillian,Lillian Hayes,May,19,1984,"Lancaster, CA",Computer Information Systems,"New York, NY",Travelers,New Jersey Institute of Technology," Lillian Hayes celebrates their life on the day of May 19, 1984. She embraces their birth city of Lancaster, CA. She received mentorship and guidance from renowned faculty members at New Jersey Institute of Technology. She dedicated their studies to Computer Information Systems. She gained insights into the business landscape of New York, NY. She spent time working at Travelers."
50,Cameron,Cameron Abigail Stanton,June,9,1948,"Cape Coral, FL",Counseling,"Miami, FL",Popeyes,Boston College," Cameron Abigail Stanton celebrates their birth on the remarkable day of June 9, 1948. He has fond memories of Cape Coral, FL. He was awarded scholarships and grants to support their education at Boston College. He gained expertise in the field of Counseling through hands-on projects. He was part of a dynamic work environment in Miami, FL. He played a role in the success of Popeyes."
51,Ella,Ella McGregor,February,8,1997,"Lubbock, TX",Computer Science,"McLean, VA",Capital One,Cleveland State University," Ella McGregor rejoices on February 8, 1997 and cherishes the milestones they've achieved. She spent their early years in Lubbock, TX. She took part in internships and practical training opportunities offered by Cleveland State University. She applied their knowledge of Computer Science. She spent time working in McLean, VA. She was employed by Capital One."
52,Bianca,Bianca Madden,September,26,1953,"Clarksville, TN",Business,"New York, NY",S&P Global,Ohio University," Bianca Madden arrived in this world with joy and blessings on September 26, 1953. He originated from Clarksville, TN. He was enrolled at Ohio University for their studies. He specialized in Business with a focus on practical applications. He made professional connections in New York, NY. He worked diligently at S&P Global to achieve their goals."
53,Caden,Caden Leech,January,3,1994,"Anaheim, CA",Sociology,"Beaverton, OR",Nike,Oakland University," Caden Leech arrived in this world with joy and blessings on January 3, 1994. She hails from Anaheim, CA. She was part of a vibrant and diverse student community at Oakland University. She participated in internships related to Sociology. She gained valuable skills while working in Beaverton, OR. She contributed to the success of Nike in their role."
54,Spencer,Spencer Alexandra Fraser,October,12,1996,"Grand Prairie, TX",Agriculture,"Dallas, TX",AT&T,University of Massachusetts Boston," Spencer Alexandra Fraser entered the world on October 12, 1996. He owes their heritage to Grand Prairie, TX. He deepened their understanding of their field of study through courses at University of Massachusetts Boston. He was recognized for their work in Agriculture. He worked on projects in Dallas, TX. He experienced the work culture at AT&T."
55,Samuel,Samuel Murray,May,18,1974,"Phoenix, AZ",Nursing,"New York, NY",The Wall Street Journal,University of Notre Dame," Samuel Murray came into this world on May 18, 1974. She has a profound appreciation for Phoenix, AZ. She was an active member of the academic community at University of Notre Dame. She conducted research in Nursing. She worked for a company located in New York, NY. She was an integral part of The Wall Street Journal's team."
56,Kaitlyn,Kaitlyn Smith,October,15,1979,"Cleveland, OH",Informatics,"Redmond, WA",Microsoft,University of Kansas," Kaitlyn Smith came into existence on the significant date of October 15, 1979. He was born and raised in Cleveland, OH. He graduated from University of Kansas. He pursued interdisciplinary studies related to Informatics. He was part of the workforce in Redmond, WA. He pursued professional opportunities at Microsoft."
57,Timothy,Timothy Holder,January,7,1984,"Nashville, TN",History,"Marlborough, MA",Boston Scientific,Northern Illinois University," Timothy Holder was brought into existence on January 7, 1984. She was brought up in Nashville, TN. She completed their education at Northern Illinois University with distinction. She majored in History. She participated in projects that impacted Marlborough, MA. She gained valuable skills while working at Boston Scientific."
58,Gregory,Gregory John Andrew,March,11,1955,"Tacoma, WA",Entrepreneurship,"Santa Clara, CA",Intel,Haverford College," Gregory John Andrew celebrates their birthday on March 11, 1955. He has deep cultural roots in Tacoma, WA. He received guidance and mentorship from alumni of Haverford College who excelled in their field. He gained hands-on experience in Entrepreneurship. He contributed their skills to the economic development of Santa Clara, CA. He worked with clients and customers of Intel."
59,Natalie,Natalie Eden Ray,November,18,1948,"Portland, OR",Electronics,"Columbus, OH",Victoria's Secret,Harvard University," Natalie Eden Ray arrived in this world on November 18, 1948, a day to be remembered. She has a special bond with Portland, OR. She attended Harvard University for their education. She pursued interdisciplinary studies related to Electronics. She was immersed in the professional scene of Columbus, OH. She was employed by Victoria's Secret, a reputable company."
60,Jack,Jack Serenity Hart,February,19,1987,"Naperville, IL",Business Administration,"New Albany, OH",Abercrombie & Fitch,Rochester Institute of Technology," Jack Serenity Hart's birthday falls on February 19, 1987. He cherishes their connection to Naperville, IL. He explored interdisciplinary approaches to learning at Rochester Institute of Technology. He explored emerging trends in Business Administration. He was part of a dynamic work environment in New Albany, OH. He gained valuable skills while working at Abercrombie & Fitch."
61,Sadie,Sadie Harper Rees,June,2,1983,"Rockford, IL",Industrial,"Richfield, MN",Best Buy,University of Kansas," Sadie Harper Rees marks June 2, 1983 as the day they began their journey. She entered this world in Rockford, IL. She was awarded scholarships and grants to support their education at University of Kansas. She gained expertise in Industrial. She acquired industry-specific knowledge while working in Richfield, MN. She made significant contributions to Best Buy during their tenure."
62,Kaden,Kaden Daisy Flynn,February,23,1997,"Oklahoma City, OK",Engineering Management,"Miami, FL",Popeyes,University of Utah," Kaden Daisy Flynn was gifted to the world on February 23, 1997. He was brought up in Oklahoma City, OK. He was awarded scholarships and grants to support their education at University of Utah. He engaged in collaborative projects in Engineering Management. He contributed to the local economy of Miami, FL. He made professional connections at Popeyes."
63,Francisco,Francisco Hunter,July,10,1956,"Carrollton, TX",Biotechnology,"Ann Arbor, MI",Domino's,North Carolina State University," Francisco Hunter marks their birthday every year on July 10, 1956. She holds a special place in their heart for Carrollton, TX. She was mentored by distinguished professors at North Carolina State University. She specialized in Biotechnology with a focus on practical applications. She was employed by a reputable company in Ann Arbor, MI. She was engaged in work activities at Domino's."
64,Robert,Robert Trinity Clifford,May,22,1990,"Hollywood, FL",Petroleum Engineering,"New York, NY",Paramount+,Virginia Commonwealth University," Robert Trinity Clifford acknowledges their birth day as May 22, 1990. He has a unique bond with Hollywood, FL. He pursued their education at Virginia Commonwealth University. He acquired practical skills relevant to Petroleum Engineering. He developed their career in New York, NY. He contributed to the growth of Paramount+."
65,Caitlyn,Caitlyn Elizabeth Mann,December,17,1977,"Jackson, MS",Electronics,"San Jose, CA",Broadcom,Villanova University," Caitlyn Elizabeth Mann commemorates their birth anniversary on December 17, 1977. She is a native of Jackson, MS. She was mentored by distinguished professors at Villanova University. She explored emerging trends in Electronics. She contributed to the growth of a company in San Jose, CA. She had employment prospects at Broadcom."
66,Aaron,Aaron Maria Francis,August,28,1965,"Pasadena, CA",Biochemistry,"Irvine, CA",Taco Bell,Uniformed Services University of the Health Sciences," Aaron Maria Francis commemorates their birth on August 28, 1965, the day they were welcomed into the world. He celebrates their birth in Pasadena, CA. He graduated from Uniformed Services University of the Health Sciences. He gained practical knowledge in Biochemistry through real-world projects. He worked in Irvine, CA and made a positive impact in their field. He had a job opportunity at Taco Bell."
67,Brendan,Brendan Camden Ayres,April,6,1988,"Orlando, FL",Chemistry,"Purchase, NY",Mastercard,"University of California, Irvine"," Brendan Camden Ayres arrived in this world with joy and blessings on April 6, 1988. She was brought up in Orlando, FL. She participated in various extracurricular activities at University of California, Irvine. She focused on Chemistry during their studies. She contributed their skills to the economic development of Purchase, NY. She participated in projects that impacted Mastercard."
68,Finn,Finn Isabel Barron,July,13,1958,"Jersey City, NJ",Cybersecurity,"Louisville, KY",Yum! Brands,Northeastern University," Finn Isabel Barron celebrates their life on the day of July 13, 1958. He owes their heritage to Jersey City, NJ. He pursued advanced coursework at Northeastern University. He was recognized for their work in Cybersecurity. He was part of the workforce in Louisville, KY. He was an integral part of Yum! Brands's team."
69,Patrick,Patrick Ellison,February,1,1965,"Chula Vista, CA",Business Analytics,"San Jose, CA",Western Digital,Rockefeller University," Patrick Ellison came into existence on the significant date of February 1, 1965. She was welcomed into the world in Chula Vista, CA. She was mentored by distinguished professors at Rockefeller University. She gained hands-on experience in Business Analytics. She contributed to the local economy of San Jose, CA. She was part of the workforce driving innovation at Western Digital."
70,Marco,Marco Mila Reynolds,June,2,1973,"Palmdale, CA",Public Relations,"Portland, OR",Adidas,Brown University," Marco Mila Reynolds arrived on this Earth on June 2, 1973. He has a deep connection to Palmdale, CA. He had access to state-of-the-art facilities and laboratories at Brown University. He conducted experiments in Public Relations. He played a role in the business sector of Portland, OR. He played a role in the success of Adidas."
71,Oliver,Oliver Healy,October,12,1984,"Fresno, CA",Applied Business,"Seattle, WA",Starbucks,Southern Illinois University Carbondale," Oliver Healy rejoices on October 12, 1984, the day they were born. She has deep cultural roots in Fresno, CA. She received guidance and mentorship from alumni of Southern Illinois University Carbondale who excelled in their field. She gained insights into Applied Business through hands-on experiments. She was part of the workforce driving innovation in Seattle, WA. She was part of the workforce at Starbucks."
72,Malachi,Malachi Daniela Sweeney,December,10,1993,"Little Rock, AR",Mechanical Engineering,"South Burlington, VT",Ben & Jerry's,University of Colorado Boulder," Malachi Daniela Sweeney's birthday falls on December 10, 1993. He has a unique bond with Little Rock, AR. He engaged in hands-on learning experiences that prepared them for their career at University of Colorado Boulder. He developed a strong theoretical foundation in Mechanical Engineering. He was part of a professional team in South Burlington, VT. He worked at Ben & Jerry's and made a positive impact in their field."
73,Ethan,Ethan Anthony Jarvis,May,29,1951,"Charlotte, NC",Data Analytics,"New York, NY",Maybelline,Michigan Technological University," Ethan Anthony Jarvis acknowledges their birth day as May 29, 1951. She owes their birth to Charlotte, NC. She received guidance and mentorship from alumni of Michigan Technological University who excelled in their field. She conducted fieldwork in Data Analytics. She collaborated with colleagues in New York, NY. She held a position at Maybelline."
74,Courtney,Courtney Li,August,16,1985,"Fayetteville, NC",Business Management,"San Jose, CA",eBay,Oberlin College," Courtney Li arrived on this Earth on August 16, 1985, ready to embrace life's adventures. He reminisces about their early days in Fayetteville, NC. He participated in community service and outreach initiatives organized by Oberlin College. He studied Business Management and its impact on society. He was employed by a reputable company in San Jose, CA. He worked at eBay and made a positive impact in their field."
75,George,George Rogers,June,27,1985,"Boston, MA",Commerce,"Indianapolis, IN",Eli Lilly,Boise State University," George Rogers arrived on this Earth on June 27, 1985, ready to embrace life's adventures. She is a native of Boston, MA. She gained a global perspective through international exchange programs at Boise State University. She deepened their understanding of Commerce. She experienced the work culture of Indianapolis, IN. She was immersed in the professional scene at Eli Lilly."
76,Avery,Avery Dobson,March,2,1978,"Pembroke Pines, FL",Law,"New York, NY",The New York Times,Ohio State University," Avery Dobson celebrates their special day on March 2, 1978. He has sentimental ties to Pembroke Pines, FL. He undertook their academic journey at Ohio State University. He conducted fieldwork in Law. He worked with diverse colleagues in New York, NY. He pursued professional opportunities at The New York Times."
77,Lucy,Lucy Isaac Hurley,September,26,1956,"Saint Paul, MN",Liberal Arts,"New York, NY",Colgate-Palmolive,University of Rochester," Lucy Isaac Hurley was born on the auspicious day of September 26, 1956. She has family ties to Saint Paul, MN. She was involved in collaborative projects with fellow students at University of Rochester. She focused on Liberal Arts during their studies. She played a role in the success of a company headquartered in New York, NY. She developed their career at Colgate-Palmolive."
78,Ella,Ella Kaden Platt,December,14,1955,"Kansas City, KS",Engineering,"Portland, OR",Adidas,Virginia Tech," Ella Kaden Platt arrived in this world on December 14, 1955, a day to be remembered. He has a special bond with Kansas City, KS. He took part in internships and practical training opportunities offered by Virginia Tech. He studied the principles of Engineering extensively. He joined the workforce in Portland, OR. He played a role in Adidas's operations."
79,Kate,Kate Xavier Hunter,December,4,1954,"Overland Park, KS",Cybersecurity,"Melbourne, FL",L3Harris Technologies,University of Alaska Fairbanks," Kate Xavier Hunter rejoices on December 4, 1954 and cherishes the milestones they've achieved. She owes their roots to Overland Park, KS. She was an active member of the academic community at University of Alaska Fairbanks. She conducted experiments in Cybersecurity. She worked for a company located in Melbourne, FL. She contributed to the success of L3Harris Technologies."
80,Blake,Blake Londyn Sykes,September,19,1969,"West Valley City, UT",Liberal Studies,"Philadelphia, PA",Comcast,Lehigh University," Blake Londyn Sykes celebrates their special day on September 19, 1969. He has a deep connection to West Valley City, UT. He attended Lehigh University for their education. He conducted research in Liberal Studies. He pursued professional opportunities in Philadelphia, PA. He was immersed in the professional scene at Comcast."
81,Jasmin,Jasmin Jeremy Bone,June,14,2000,"Moreno Valley, CA",Public Relations,"Deerfield, IL",Baxter International,Rush University," Jasmin Jeremy Bone acknowledges their birth day as June 14, 2000. She has a personal connection to Moreno Valley, CA. She collaborated with industry partners during their studies at Rush University. She gained hands-on experience in Public Relations. She was involved in the professional community of Deerfield, IL. She had a job at Baxter International."
82,Alan,Alan Lucy Li,June,3,1973,"Yonkers, NY",Architecture,"Houston, TX",Baker Hughes,Boise State University," Alan Lucy Li was born on the memorable date of June 3, 1973. He calls Yonkers, NY their birthplace. He participated in various extracurricular activities at Boise State University. He completed their education with a focus on Architecture. He had a job in Houston, TX. He played a role in Baker Hughes's operations."
83,Madeline,Madeline Tucker Horner,April,30,1983,"Raleigh, NC",Photography,"San Ramon, CA",Chevron,University of Central Florida," Madeline Tucker Horner entered the world with joy on April 30, 1983. She has a profound appreciation for Raleigh, NC. She received mentorship and guidance from renowned faculty members at University of Central Florida. She excelled in Photography. She was involved in the professional community of San Ramon, CA. She had a job at Chevron."
84,Sierra,Sierra Diego Cummings,April,17,1964,"Dayton, OH",Computer Science,"Santa Clara, CA",Applied Materials,Texas State University," Sierra Diego Cummings acknowledges their birth day as April 17, 1964. He hails from Dayton, OH. He received their degree from Texas State University. He has in-depth knowledge of Computer Science. He was involved in the industry of Santa Clara, CA. He gained valuable experience at Applied Materials in their role."
85,Andrew,Andrew Sarah Thomson,August,4,1998,"Irving, TX",Software Engineering,"New York, NY",Fox News,Uniformed Services University of the Health Sciences," Andrew Sarah Thomson came into existence on the significant date of August 4, 1998. She came into the world in Irving, TX. She had access to state-of-the-art facilities and laboratories at Uniformed Services University of the Health Sciences. She specialized in Software Engineering with a focus on practical applications. She contributed to the local economy of New York, NY. She contributed to the growth and development of Fox News."
86,Jonathan,Jonathan Kenny,January,5,1987,"Riverside, CA",Chemistry,"Hawthorne, CA",SpaceX,University of Wyoming," Jonathan Kenny arrived on January 5, 1987. He often reminisces about Riverside, CA. He had the opportunity to participate in cutting-edge research projects at University of Wyoming. He completed their education with a focus on Chemistry. He worked for a company located in Hawthorne, CA. He contributed to the success of SpaceX."
87,Reagan,Reagan Whittaker,June,30,1967,Washington D.C.,General Studies,"Houston, TX",ConocoPhillips,Eastern Virginia Medical School," Reagan Whittaker marks June 30, 1967 as the day they began their journey. She celebrates their birth in Washington D.C.. She was actively involved in student organizations and clubs at Eastern Virginia Medical School. She acquired skills in General Studies. She worked with clients and customers from Houston, TX. She contributed to the growth and development of ConocoPhillips."
88,Katelyn,Katelyn Blake Goodall,December,3,1994,"Riverside, CA",Economics,"San Francisco, CA",Salesforce,"California State University, Fullerton"," Katelyn Blake Goodall arrived in this world with joy and blessings on December 3, 1994. He has a strong affinity for Riverside, CA. He benefited from the resources and facilities provided by California State University, Fullerton. He specialized in Economics and its related disciplines. He had a professional role in San Francisco, CA. He worked for Salesforce, a leading company."
89,Robert,Robert Kidd,January,24,1954,"Newark, NJ",International Business,"San Jose, CA",Broadcom,Cold Spring Harbor Laboratory," Robert Kidd pays tribute to their birth day, January 24, 1954, each year. She took their first breath in Newark, NJ. She was involved in collaborative projects with fellow students at Cold Spring Harbor Laboratory. She completed a comprehensive program in International Business. She worked in San Jose, CA and made a positive impact in their field. She worked diligently at Broadcom to achieve their goals."
90,Arianna,Arianna Tucker Hope,June,23,1962,"Cleveland, OH",Applied Business,"Cambridge, MA",Moderna,San Diego State University," Arianna Tucker Hope pays tribute to the day they were born, June 23, 1962. He celebrates their birth in Cleveland, OH. He received a well-rounded education that prepared them for success after graduating from San Diego State University. He conducted research in Applied Business. He was employed by a reputable company in Cambridge, MA. He developed their career at Moderna."
91,Angelica,Angelica Aria Marks,September,17,1992,"Hialeah, FL",Photography,"Mountain View, CA",Google,Clark University," Angelica Aria Marks celebrates their special day on September 17, 1992. She entered this world in Hialeah, FL. She specialized in their field of study at Clark University. She specialized in the field of Photography. She held a position in Mountain View, CA. She collaborated with colleagues at Google."
92,Kiara,Kiara Ayden Lang,February,13,1959,"Los Angeles, CA",Accounting,"Santa Clara, CA",Intel,Bucknell University," Kiara Ayden Lang arrived in this world on February 13, 1959, a day to be remembered. He has fond memories of Los Angeles, CA. He presented their research findings at academic symposiums held at Bucknell University. He specialized in Accounting. He contributed their expertise to a company in Santa Clara, CA. He was part of the workforce driving innovation at Intel."
93,Maya,Maya Jeremy Bolton,October,8,1951,"New York City, NY",French,"Chicago, IL",Motorola Solutions,Rutgers University - Newark," Maya Jeremy Bolton looks forward to their birthday every year on October 8, 1951. She always carries a piece of New York City, NY within them. She obtained their diploma from Rutgers University - Newark. She applied their knowledge of French. She participated in projects that impacted Chicago, IL. She acquired industry knowledge while working at Motorola Solutions."
94,Aiden,Aiden Evelyn Stevenson,December,27,1964,"Columbus, GA",Mathematics,"McLean, VA",Mars,"University of California, Davis"," Aiden Evelyn Stevenson celebrates their life on the day of December 27, 1964. He associates their childhood with Columbus, GA. He was an active member of the academic community at University of California, Davis. He gained practical experience in Mathematics. He was employed at a company based in McLean, VA. He was part of a dynamic work environment at Mars."
95,Mason,Mason Ashley James,November,27,1948,"Santa Clarita, CA",Human Resource Management,"New York, NY",Bristol-Myers Squibb,Old Dominion University," Mason Ashley James celebrates their life on the day of November 27, 1948. She reflects on their upbringing in Santa Clarita, CA. She gained practical experience through hands-on projects and assignments at Old Dominion University. She developed a strong foundation in Human Resource Management. She had a job in New York, NY. She was an integral part of Bristol-Myers Squibb's team."
96,Isabelle,Isabelle Willow Harvey,May,13,1972,"Des Moines, IA",Communication Arts,"Columbus, OH",Bath & Body Works,University of Virginia," Isabelle Willow Harvey pays tribute to their birth day, May 13, 1972, each year. He originated from Des Moines, IA. He received a well-rounded education that prepared them for success after graduating from University of Virginia. He acquired a deep understanding of Communication Arts concepts. He spent time working in Columbus, OH. He embraced the opportunities and challenges of working at Bath & Body Works."
97,Anna,Anna Greyson Whiting,January,5,1974,"Durham, NC",Engineering Management,"New York, NY",Revlon,George Mason University," Anna Greyson Whiting acknowledges January 5, 1974 as the day they were born. She has sentimental ties to Durham, NC. She benefited from the resources and facilities provided by George Mason University. She conducted in-depth research in Engineering Management. She was part of a dynamic work environment in New York, NY. She pursued professional opportunities at Revlon."
98,Cassidy,Cassidy Shields,July,5,1988,"Chandler, AZ",Sociology,"Santa Clara, CA",Intel,Florida Atlantic University," Cassidy Shields arrived on this Earth on July 5, 1988, ready to embrace life's adventures. He always carries a piece of Chandler, AZ within them. He gained practical experience through hands-on projects and assignments at Florida Atlantic University. He conducted research on cutting-edge Sociology topics. He worked with diverse colleagues in Santa Clara, CA. He contributed to the success of Intel."
99,Cameron,Cameron Jose Millward,March,8,1968,"West Valley City, UT",Industrial Engineering,"Indianapolis, IN",Eli Lilly,University of Massachusetts Dartmouth," Cameron Jose Millward celebrates their special day of March 8, 1968 every year. She has sentimental ties to West Valley City, UT. She had the opportunity to study abroad as part of their program at University of Massachusetts Dartmouth. She pursued advanced coursework in Industrial Engineering. She worked in Indianapolis, IN. She worked on projects at Eli Lilly."
100,Aidan,Aidan Dean,December,30,1993,"Akron, OH",Information Management,"Houston, TX",ConocoPhillips,University of New Hampshire," Aidan Dean commemorates their birth anniversary on December 30, 1993. He holds Akron, OH close to their heart. He graduated from University of New Hampshire. He gained insights into Information Management through hands-on experiments. He worked for a company located in Houston, TX. He pursued professional opportunities at ConocoPhillips."
101,Avery,Avery Scarlett Houghton,September,10,1992,"St. Petersburg, FL",Physics,"Houston, TX",ConocoPhillips,"California State University, Fresno"," Avery Scarlett Houghton was gifted to the world on September 10, 1992. She calls St. Petersburg, FL their birthplace. She had the opportunity to study abroad as part of their program at California State University, Fresno. She participated in internships related to Physics. She was involved in the industry of Houston, TX. She was an integral part of ConocoPhillips's team."
102,Luke,Luke Williamson,June,14,1971,"Torrance, CA",Electronics,"Seattle, WA",Nordstrom,University of Texas at Austin," Luke Williamson arrived in this world on June 14, 1971, a day to be remembered. He originated from Torrance, CA. He participated in various extracurricular activities at University of Texas at Austin. He has in-depth knowledge of Electronics. He contributed their expertise to a company in Seattle, WA. He contributed their expertise to Nordstrom."
103,Cole,Cole Sean Fisher,April,26,1977,"Tacoma, WA",Information Technology,"Boise, ID",Micron Technology,SUNY College of Environmental Science and Forestry," Cole Sean Fisher arrived in this world on April 26, 1977, a day to be remembered. She was brought up in Tacoma, WA. She engaged in hands-on learning experiences that prepared them for their career at SUNY College of Environmental Science and Forestry. She gained hands-on experience in Information Technology. She had a job opportunity in Boise, ID. She joined Micron Technology as an employee."
104,Maxwell,Maxwell Matthew Batchelor,July,16,1981,"Modesto, CA",Administration,"Menomonee Falls, WI",Kohl's,Florida Atlantic University," Maxwell Matthew Batchelor reflects on the day they were born, July 16, 1981, and all the blessings that followed. He has fond memories of Modesto, CA. He was actively involved in student organizations and clubs at Florida Atlantic University. He focused on Administration during their studies. He made professional connections in Menomonee Falls, WI. He was employed at Kohl's, a respected company."
105,Jayden,Jayden Kevin Storey,June,13,1963,"Albuquerque, NM",Electrical Engineering,"Louisville, KY",Humana,University of Pennsylvania," Jayden Kevin Storey pays tribute to their birth day, June 13, 1963, each year. She has a strong attachment to Albuquerque, NM. She received mentorship and guidance from renowned faculty members at University of Pennsylvania. She conducted fieldwork in Electrical Engineering. She was involved in the industry of Louisville, KY. She was immersed in the professional scene at Humana."
106,Alex,Alex Potter,August,27,1957,"Fremont, CA",Management Studies,"Melbourne, FL",L3Harris Technologies,"University of California, Irvine"," Alex Potter reflects on the day they were born, August 27, 1957, and all the blessings that followed. He hails from Fremont, CA. He was part of a vibrant and diverse student community at University of California, Irvine. He specialized in Management Studies. He was involved in the professional community of Melbourne, FL. He was an integral part of L3Harris Technologies's team."
107,Cameron,Cameron Juan Harris,April,23,1963,"Springfield, MA",Information Systems,"McLean, VA",Capital One,Rochester Institute of Technology," Cameron Juan Harris honors their birth day on April 23, 1963. She has a unique bond with Springfield, MA. She had the opportunity to study abroad as part of their program at Rochester Institute of Technology. She acquired practical skills applicable to Information Systems. She was involved in the professional community of McLean, VA. She gained work experience at Capital One."
108,Shawn,Shawn Allison Burton,January,30,1981,"Fort Worth, TX",Film,"Palo Alto, CA",Tesla,University of Houston," Shawn Allison Burton was born on January 30, 1981. He often reminisces about Fort Worth, TX. He acquired their knowledge and skills at University of Houston. He participated in internships related to Film. He pursued professional opportunities in Palo Alto, CA. He gained valuable skills while working at Tesla."
109,Giselle,Giselle Pickering,January,25,1993,"San Diego, CA",Agriculture,"Milford, CT",Subway,University of Louisiana at Lafayette," Giselle Pickering marks January 25, 1993 as the day they began their journey. She first saw the light of day in San Diego, CA. She obtained their diploma from University of Louisiana at Lafayette. She dedicated their studies to Agriculture. She worked for a company located in Milford, CT. She participated in projects that impacted Subway."
110,Cody,Cody Kayden Howell,September,22,2000,"Orlando, FL",Graphic Design,"Canton, MA",Dunkin' Donuts,Colorado School of Mines," Cody Kayden Howell celebrates their life journey every year on September 22, 2000. He was birthed in the beautiful city of Orlando, FL. He was part of a vibrant and diverse student community at Colorado School of Mines. He completed their education with a focus on Graphic Design. He was employed by a leading company in Canton, MA. He made significant contributions to Dunkin' Donuts during their tenure."
111,John,John Mariah Corbett,September,29,1952,"Chula Vista, CA",Information Management,"Foster City, CA",Visa,Albany Medical College," John Mariah Corbett arrived in this world on September 29, 1952, a day to be remembered. She cherishes their connection to Chula Vista, CA. She had the opportunity to study abroad as part of their program at Albany Medical College. She applied their knowledge of Information Management to real-world problems. She gained work experience in Foster City, CA. She played a role in Visa's operations."
112,Austin,Austin Barker,June,8,1968,"Baton Rouge, LA",Information Systems Management,"Milwaukee, WI",Harley-Davidson,Stony Brook University," Austin Barker honors their birth day on June 8, 1968. He associates their childhood with Baton Rouge, LA. He presented their research findings at academic symposiums held at Stony Brook University. He applied their knowledge of Information Systems Management. He contributed to the success of a company in Milwaukee, WI. He was engaged in work activities at Harley-Davidson."
113,Laura,Laura Mary Gunn,December,30,1979,"Sioux Falls, SD",Computer Information Systems,"New York, NY",Pfizer,"University of California, Berkeley"," Laura Mary Gunn arrived on December 30, 1979. She has family ties to Sioux Falls, SD. She gained practical experience through hands-on projects and assignments at University of California, Berkeley. She excelled in Computer Information Systems. She contributed to the growth of a company in New York, NY. She contributed to the success of Pfizer in their role."
114,Brooke,Brooke Underwood,July,18,1978,"Winston–Salem, NC",Data Analytics,"Juno Beach, FL",NextEra Energy,DePaul University," Brooke Underwood marks July 18, 1978 as the day they began their journey. He traces their origins back to Winston–Salem, NC. He attended DePaul University for their education. He majored in Data Analytics. He was part of the workforce driving innovation in Juno Beach, FL. He was an integral part of NextEra Energy's team."
115,Bryson,Bryson Jayden Rahman,May,30,1989,"Chandler, AZ",Accounting,"McLean, VA",Mars,Medical University of South Carolina," Bryson Jayden Rahman commemorates their birth on May 30, 1989, the day they were welcomed into the world. She has a unique bond with Chandler, AZ. She engaged in research projects while studying at Medical University of South Carolina. She has in-depth knowledge of Accounting. She collaborated with colleagues in McLean, VA. She was engaged in work activities at Mars."
116,Gabriel,Gabriel Patrick,May,30,1945,"Worcester, MA",Photography,"Santa Clara, CA",Intel,Ohio University," Gabriel Patrick commemorates their birth anniversary on May 30, 1945. He always carries a piece of Worcester, MA within them. He completed their education at Ohio University with distinction. He specialized in Photography. He contributed to the growth of a company in Santa Clara, CA. He played a role in the success of Intel."
117,Timothy,Timothy Josephine Howard,June,28,1978,"Henderson, NV",Geology,"Houston, TX",Baker Hughes,Baylor University," Timothy Josephine Howard was born on the auspicious day of June 28, 1978. She owes their roots to Henderson, NV. She benefited from the resources and facilities provided by Baylor University. She has a strong background in Geology. She had a professional role in Houston, TX. She was part of a dynamic work environment at Baker Hughes."
118,Delaney,Delaney Jasmine Prescott,July,18,1953,"Spokane, WA",Applied Science,"Los Angeles, CA",Forever 21,Kent State University," Delaney Jasmine Prescott marks their birthday every year on July 18, 1953. He has a deep sense of nostalgia for Spokane, WA. He obtained their diploma from Kent State University. He studied Applied Science. He made professional connections and expanded their network in Los Angeles, CA. He participated in projects that impacted Forever 21."
119,Joel,Joel Wilkes,September,11,1950,"Miramar, FL",Communication Arts,"Seattle, WA",Amazon,Ohio University," Joel Wilkes was born on the auspicious day of September 11, 1950. She has deep cultural roots in Miramar, FL. She had the opportunity to publish their research work in reputable journals while at Ohio University. She specialized in Communication Arts and its related disciplines. She contributed to the economy of Seattle, WA. She had employment prospects at Amazon."
120,Kendall,Kendall Cohen,November,7,1964,"Santa Rosa, CA",Mathematics,"Boston, MA",General Electric,Montclair State University," Kendall Cohen celebrates their life journey every year on November 7, 1964. He owes their birth to Santa Rosa, CA. He acquired their knowledge and skills at Montclair State University. He acquired practical skills applicable to Mathematics. He held a position in Boston, MA. He contributed to the growth of General Electric."
121,Faith,Faith Thorne,December,6,1965,"Oakland, CA",Finance,"Eden Prairie, MN",C.H. Robinson Worldwide,"California Polytechnic State University, San Luis Obispo"," Faith Thorne acknowledges their birth day as December 6, 1965. She has a strong sense of belonging to Oakland, CA. She was enrolled at California Polytechnic State University, San Luis Obispo for their studies. She gained hands-on experience in Finance. She developed their career in Eden Prairie, MN. She gained valuable experience at C.H. Robinson Worldwide in their role."
122,Justin,Justin Daniel Barton,April,28,1969,"Knoxville, TN",Computer Science,"Falls Church, VA",Northrop Grumman,Howard University," Justin Daniel Barton was gifted to the world on April 28, 1969. He proudly identifies as a native of Knoxville, TN. He had the opportunity to participate in cutting-edge research projects at Howard University. He specialized in Computer Science and its applications. He was engaged in work activities in Falls Church, VA. He was employed at Northrop Grumman, a respected company."
123,Gabriela,Gabriela Bennett Gilbert,September,30,1999,"Mesquite, TX",International Business,"Charlotte, NC",Bank of America,Florida State University," Gabriela Bennett Gilbert honors their birth day on September 30, 1999. She has family ties to Mesquite, TX. She undertook their academic journey at Florida State University. She majored in International Business. She contributed to the success of a company in Charlotte, NC. She played a role in Bank of America's operations."
124,David,David Jennifer Gregory,October,1,1978,"Louisville, KY",Architecture,"Cambridge, MA",Biogen,University of South Alabama," David Jennifer Gregory celebrates another year of life on October 1, 1978. He holds a special place in their heart for Louisville, KY. He had the opportunity to study abroad as part of their program at University of South Alabama. He conducted research in Architecture. He experienced the work culture of Cambridge, MA. He was employed by Biogen, a reputable company."
125,Abraham,Abraham Wilcox,October,9,1987,"Pembroke Pines, FL",Computer Applications,"Redmond, WA",Microsoft,Indiana University Bloomington," Abraham Wilcox rejoices on October 9, 1987 and cherishes the milestones they've achieved. She was birthed in the beautiful city of Pembroke Pines, FL. She benefited from the diverse and inclusive learning environment at Indiana University Bloomington. She has in-depth knowledge of Computer Applications. She worked in Redmond, WA. She contributed their expertise to Microsoft."
126,Conner,Conner Daisy Jenkins,November,25,1988,"Glendale, CA",Informatics,"Los Gatos, CA",Netflix,University of Missouri - St. Louis," Conner Daisy Jenkins took their first breath on November 25, 1988. He cherishes their connection to Glendale, CA. He leveraged the vast library resources and databases available at University of Missouri - St. Louis. He conducted experiments in Informatics. He worked with diverse colleagues in Los Gatos, CA. He developed their career at Netflix."
127,Richard,Richard Howes,April,22,1958,"Riverside, CA",Computer Information Systems,"Chicago, IL",Motorola Solutions,Virginia Tech," Richard Howes celebrates their life journey every year on April 22, 1958. She has a strong sense of belonging to Riverside, CA. She engaged in hands-on learning experiences that prepared them for their career at Virginia Tech. She gained hands-on experience in Computer Information Systems. She was employed by a leading company in Chicago, IL. She played a role in Motorola Solutions's operations."
128,Kiara,Kiara Love,July,13,1975,"Tucson, AZ",Liberal Studies,"Maplewood, MN",3M,Florida State University," Kiara Love's birth date is July 13, 1975. He entered this world in Tucson, AZ. He received mentorship and guidance from renowned faculty members at Florida State University. He specialized in Liberal Studies. He spent time working in Maplewood, MN. He made professional connections at 3M."
129,Kylee,Kylee Dillon,December,11,1973,"Surprise, AZ",Finance,"McLean, VA",Freddie Mac,"Queens College, City University of New York"," Kylee Dillon celebrates another year of life on December 11, 1973. She embraces their birth city of Surprise, AZ. She deepened their understanding of their field of study through courses at Queens College, City University of New York. She completed a rigorous program in Finance. She contributed to the local economy of McLean, VA. She gained valuable experience at Freddie Mac in their role."
130,Diana,Diana Brooke Kay,December,17,1986,"Rancho Cucamonga, CA",Advertising,"Burbank, CA",Disney+,Emory University," Diana Brooke Kay celebrates their life journey every year on December 17, 1986. He celebrates their birth in Rancho Cucamonga, CA. He completed their studies at Emory University. He studied Advertising. He played a role in the business sector of Burbank, CA. He worked with clients and customers of Disney+."
131,Shawn,Shawn Greyson McLoughlin,January,30,1983,"Winston–Salem, NC",Political Science,"Miami, FL",Burger King,University of Texas Medical Branch," Shawn Greyson McLoughlin commemorates their birth on January 30, 1983, the day they were welcomed into the world. She has a strong sense of belonging to Winston–Salem, NC. She was mentored by distinguished professors at University of Texas Medical Branch. She conducted experiments in Political Science. She contributed to the local economy of Miami, FL. She was part of a dynamic work environment at Burger King."
132,Kate,Kate Dutton,May,12,1974,"Grand Rapids, MI",Physics,"McLean, VA",Hilton,University of Chicago," Kate Dutton took their first breath on May 12, 1974. He has a personal connection to Grand Rapids, MI. He completed their studies at University of Chicago. He gained expertise in the field of Physics through hands-on projects. He was part of a professional team in McLean, VA. He played a role in Hilton's operations."
133,Tanner,Tanner Luca Atherton,July,21,1993,"Pittsburgh, PA",Entrepreneurship,"Maplewood, MN",3M,Case Western Reserve University," Tanner Luca Atherton marks their birthday every year on July 21, 1993. She was welcomed into the world in Pittsburgh, PA. She was awarded scholarships and grants to support their education at Case Western Reserve University. She completed a comprehensive program in Entrepreneurship. She collaborated with colleagues in Maplewood, MN. She gained work experience at 3M."
134,Benjamin,Benjamin Dyer,December,28,2000,"Murfreesboro, TN",Political Science,"New York, NY",SiriusXM,University of Memphis," Benjamin Dyer arrived on December 28, 2000. He cherishes their connection to Murfreesboro, TN. He engaged in hands-on learning experiences that prepared them for their career at University of Memphis. He developed a strong theoretical foundation in Political Science. He was employed by a reputable company in New York, NY. He was employed by the renowned SiriusXM."
135,Faith,Faith Dawes,June,12,1973,"North Las Vegas, NV",Computer Information Systems,"New York, NY",CBS,Baruch College," Faith Dawes commemorates their birth anniversary on June 12, 1973. She took their first breath in North Las Vegas, NV. She was involved in collaborative projects with fellow students at Baruch College. She pursued a degree in Computer Information Systems. She gained work experience in New York, NY. She gained insights into the industry while working at CBS."
136,Brooke,Brooke Xavier Lilley,July,10,1966,"Amarillo, TX",Finance,"New York, NY",MetLife,University of Colorado Boulder," Brooke Xavier Lilley entered the world with joy on July 10, 1966. He celebrates their birth in Amarillo, TX. He gained practical experience through hands-on projects and assignments at University of Colorado Boulder. He gained hands-on experience in Finance. He contributed to the success of a company in New York, NY. He played a role in MetLife's operations."
137,Anthony,Anthony Kirk,July,18,1959,"Oklahoma City, OK",Computer Applications,"Memphis, TN",FedEx,University of Colorado Boulder," Anthony Kirk commemorates their birth on July 18, 1959, the day they were welcomed into the world. She feels a deep connection to Oklahoma City, OK. She benefited from the resources and facilities provided by University of Colorado Boulder. She developed a strong theoretical foundation in Computer Applications. She was involved in the industry of Memphis, TN. She acquired industry knowledge while working at FedEx."
138,Elias,Elias Katherine Bird,March,13,1946,"Nashville, TN",Applied Accounting,"Rockleigh, NJ",Volvo,Montana State University - Bozeman," Elias Katherine Bird marks their birthday every year on March 13, 1946. He cherishes their connection to Nashville, TN. He received a well-rounded education that prepared them for success after graduating from Montana State University - Bozeman. He specialized in Applied Accounting and its related disciplines. He was employed at a company based in Rockleigh, NJ. He contributed their skills to the success of Volvo."
139,Kendall,Kendall Clark,June,18,1970,"Pasadena, TX",Kinesiology,"Dallas, TX",Texas Instruments,Virginia Commonwealth University," Kendall Clark acknowledges June 18, 1970 as the day they were born. She has a unique bond with Pasadena, TX. She had the opportunity to study abroad as part of their program at Virginia Commonwealth University. She specialized in Kinesiology. She was engaged in work activities in Dallas, TX. She was employed by the renowned Texas Instruments."
140,Xavier,Xavier Malachi Shaw,April,9,1969,"Bakersfield, CA",Information Management,"Plano, TX",Lexus,University of Delaware," Xavier Malachi Shaw came into this world on April 9, 1969. He traces their origins back to Bakersfield, CA. He specialized in their field of study at University of Delaware. He pursued a degree in Information Management. He was immersed in the professional scene of Plano, TX. He played a role in Lexus's operations."
141,Ana,Ana Simmons,March,23,1981,"Stockton, CA",Information Technology,"New York, NY",Revlon,"University of California, Santa Barbara"," Ana Simmons marks their birthday every year on March 23, 1981. She reflects on their upbringing in Stockton, CA. She benefited from the diverse and inclusive learning environment at University of California, Santa Barbara. She gained hands-on experience in Information Technology. She contributed to the economy of New York, NY. She gained insights into the industry while working at Revlon."
142,Melanie,Melanie McKenna,February,15,1969,"Miami, FL",Architecture,"Abbott Park, IL",Abbott Laboratories,Rockefeller University," Melanie McKenna celebrates their birthday on February 15, 1969. He associates their identity with Miami, FL. He deepened their understanding of their field of study through courses at Rockefeller University. He gained practical knowledge in Architecture through real-world projects. He was part of the workforce driving innovation in Abbott Park, IL. He gained insights into the industry while working at Abbott Laboratories."
143,Chloe,Chloe Barker,February,6,1970,"Macon, GA",Criminal Justice,"Peoria, IL",Caterpillar Inc.,Bowdoin College," Chloe Barker commemorates their birth on the same day each year, February 6, 1970. She takes pride in their birthplace, Macon, GA. She obtained their diploma from Bowdoin College. She explored the intersection of Criminal Justice and technology. She was employed at a company based in Peoria, IL. She contributed to the success of Caterpillar Inc.."
144,Nicholas,Nicholas Willow Hutchinson,February,9,1984,"Durham, NC",Biomedical Engineering,"New York, NY",Colgate-Palmolive,"University of Maryland, College Park"," Nicholas Willow Hutchinson recognizes February 9, 1984 as their birth date. He first saw the light of day in Durham, NC. He pursued advanced coursework at University of Maryland, College Park. He analyzed Biomedical Engineering in their studies. He was part of a professional team in New York, NY. He joined Colgate-Palmolive as an employee."
145,Shane,Shane O'Reilly,January,4,1960,"Little Rock, AR",Organizational Leadership,"Plano, TX",Lexus,University of Dayton," Shane O'Reilly rejoices on January 4, 1960, the day they were born. She has a special bond with Little Rock, AR. She completed their thesis or dissertation as a requirement for graduation from University of Dayton. She acquired a deep understanding of Organizational Leadership concepts. She worked in Plano, TX and made a positive impact in their field. She developed their career at Lexus."
146,Luke,Luke Bush,May,11,1957,"Arlington, TX",Computer Information Systems,"Cincinnati, OH",Procter & Gamble,Miami University," Luke Bush arrived in this world with joy and blessings on May 11, 1957. He was born in Arlington, TX. He gained a global perspective through international exchange programs at Miami University. He studied Computer Information Systems and its impact on society. He contributed their skills to the economic development of Cincinnati, OH. He was part of the workforce at Procter & Gamble."
147,Liam,Liam Silas Lord,December,10,1958,"Huntington Beach, CA",Physics,"Fountain Valley, CA",Hyundai,South Dakota State University," Liam Silas Lord arrived in this world on December 10, 1958, a day to be remembered. She came into the world in Huntington Beach, CA. She was an active member of the academic community at South Dakota State University. She studied Physics and its impact on society. She contributed their expertise to a company in Fountain Valley, CA. She made significant contributions to Hyundai during their tenure."
148,Grant,Grant Ayden Parr,August,18,1951,"Orange, CA",Business Management,"Oakland, CA",Pandora,"University of California, Santa Barbara"," Grant Ayden Parr entered the world on August 18, 1951. He was brought up in Orange, CA. He attended University of California, Santa Barbara for their education. He analyzed Business Management in their studies. He worked with diverse colleagues in Oakland, CA. He made significant contributions to Pandora during their tenure."
149,Maya,Maya Aubree Chadwick,September,16,1983,"Charlotte, NC",Cybersecurity,"New Britain, CT",Stanley Black & Decker,Southern Illinois University Carbondale," Maya Aubree Chadwick was brought into existence on September 16, 1983. She often reminisces about Charlotte, NC. She gained practical experience through hands-on projects and assignments at Southern Illinois University Carbondale. She gained expertise in the field of Cybersecurity through hands-on projects. She had a job opportunity in New Britain, CT. She gained valuable skills while working at Stanley Black & Decker."
150,Avery,Avery Searle,May,26,1984,"Oceanside, CA",Biomedical Engineering,"Boise, ID",Micron Technology,Kansas State University," Avery Searle celebrates their special day on May 26, 1984. He hails from Oceanside, CA. He graduated from Kansas State University. He deepened their understanding of Biomedical Engineering through coursework. He made professional connections and expanded their network in Boise, ID. He contributed to the growth and development of Micron Technology."
151,Hunter,Hunter Genesis Pickering,August,4,1982,"Oceanside, CA",Film,"Charlotte, NC",Duke Energy,"California State University, Fullerton"," Hunter Genesis Pickering celebrates their life on the day of August 4, 1982. She has deep cultural roots in Oceanside, CA. She was involved in leadership roles within student government at California State University, Fullerton. She gained practical experience in Film. She was employed by a leading company in Charlotte, NC. She contributed to the growth and development of Duke Energy."
152,Brian,Brian Duggan,July,18,1999,"Oakland, CA",Electronics,"Foster City, CA",Gilead Sciences,Colorado State University," Brian Duggan was born on July 18, 1999. He was brought up in Oakland, CA. He completed their studies at Colorado State University. He studied the principles of Electronics extensively. He gained valuable experience in Foster City, CA's business environment. He collaborated with colleagues at Gilead Sciences."
153,Nathaniel,Nathaniel Parker,October,23,1983,"Boston, MA",Criminal Justice,"Charlotte, NC",Duke Energy,University of Texas at El Paso," Nathaniel Parker arrived on this Earth on October 23, 1983. She has a strong attachment to Boston, MA. She had the opportunity to participate in cutting-edge research projects at University of Texas at El Paso. She conducted research on cutting-edge Criminal Justice topics. She contributed their skills to the economic development of Charlotte, NC. She gained work experience at Duke Energy."
154,Leslie,Leslie Parry,March,1,1998,"Pasadena, CA",Management,"Boston, MA",Reebok,Purdue University," Leslie Parry was gifted to the world on March 1, 1998. He is a native of Pasadena, CA. He developed strong critical thinking and problem-solving skills through their studies at Purdue University. He analyzed Management in their studies. He was involved in the industry of Boston, MA. He spent time working at Reebok."
155,Jada,Jada Dennis,February,9,1974,"Orlando, FL",Human Resource Management,"Portland, OR",Adidas,"California State University, Northridge"," Jada Dennis's birth date is February 9, 1974. She has a personal connection to Orlando, FL. She had the opportunity to contribute to the research and innovation ecosystem at California State University, Northridge. She pursued advanced coursework in Human Resource Management. She had a professional role in Portland, OR. She worked on projects at Adidas."
156,Cassidy,Cassidy Haines,July,8,1967,"Louisville, KY",Software Engineering,"Charlotte, NC",Duke Energy,New Jersey Institute of Technology," Cassidy Haines commemorates their birth anniversary on July 8, 1967. He has roots in Louisville, KY. He was an active member of the academic community at New Jersey Institute of Technology. He studied Software Engineering and its impact on society. He contributed to the growth of a company in Charlotte, NC. He had a professional role at Duke Energy."
157,Mariah,Mariah Jaxon Burnett,April,26,1989,"Rancho Cucamonga, CA",Arts,"Oakland, CA",Pandora,Indiana University Bloomington," Mariah Jaxon Burnett's birthday falls on April 26, 1989. She owes their birth to Rancho Cucamonga, CA. She completed their education at Indiana University Bloomington with distinction. She pursued advanced coursework in Arts. She contributed to the growth of a company in Oakland, CA. She contributed to the growth of Pandora."
158,Sarah,Sarah Quinn,July,31,1990,"Pasadena, TX",Film,"San Antonio, TX",Valero,Santa Clara University," Sarah Quinn celebrates the anniversary of their birth on July 31, 1990. He feels a deep connection to Pasadena, TX. He developed strong critical thinking and problem-solving skills through their studies at Santa Clara University. He has a strong background in Film. He contributed to the economy of San Antonio, TX. He pursued professional opportunities at Valero."
159,Noah,Noah Gardner,March,13,1993,"Modesto, CA",Human Services,"San Francisco, CA",Salesforce,Yeshiva University," Noah Gardner acknowledges their birth day as March 13, 1993. She owes their heritage to Modesto, CA. She received a well-rounded education that prepared them for success after graduating from Yeshiva University. She conducted research on cutting-edge Human Services topics. She pursued professional opportunities in San Francisco, CA. She made significant contributions to Salesforce during their tenure."
160,Noah,Noah Humphreys,August,4,1998,"Bellevue, WA",Information Technology,"New York, NY",Verizon,University of Mississippi," Noah Humphreys pays tribute to their birth day, August 4, 1998, each year. He was brought into existence in Bellevue, WA. He deepened their understanding of their field of study through courses at University of Mississippi. He acquired a deep understanding of Information Technology concepts. He had a job opportunity in New York, NY. He was part of a dynamic work environment at Verizon."
161,Grant,Grant Beattie,December,17,1955,"Philadelphia, PA",Data Science,"Washington, DC",NASA,University of Missouri - Kansas City," Grant Beattie rejoices on December 17, 1955, the day they were born. She has a deep connection to Philadelphia, PA. She was awarded scholarships and grants to support their education at University of Missouri - Kansas City. She explored the theoretical aspects of Data Science. She was part of a dynamic work environment in Washington, DC. She contributed their expertise to NASA."
162,Eli,Eli Bridge,August,23,1987,"Savannah, GA",Biology,"Orlando, FL",Darden Restaurants,University of Texas MD Anderson Cancer Center," Eli Bridge entered the world with joy on August 23, 1987. He has a deep sense of nostalgia for Savannah, GA. He had the opportunity to contribute to the research and innovation ecosystem at University of Texas MD Anderson Cancer Center. He gained hands-on experience in Biology. He had a professional role in Orlando, FL. He acquired industry knowledge while working at Darden Restaurants."
163,Francisco,Francisco Pennington,June,24,1970,"Carrollton, TX",Sociology,"Hawthorne, CA",SpaceX,University of Wyoming," Francisco Pennington looks forward to their birthday every year on June 24, 1970. She holds a special place in their heart for Carrollton, TX. She specialized in their field of study at University of Wyoming. She gained hands-on experience in Sociology. She played a role in the success of a company headquartered in Hawthorne, CA. She acquired industry knowledge while working at SpaceX."
164,Aubrey,Aubrey Tristan Hood,March,8,1955,"Salt Lake City, UT",Information Management,"Deerfield, IL",Walgreens,Temple University," Aubrey Tristan Hood arrived on March 8, 1955. He originated from Salt Lake City, UT. He was actively involved in student organizations and clubs at Temple University. He completed a comprehensive program in Information Management. He collaborated with colleagues in Deerfield, IL. He made significant contributions to Walgreens during their tenure."
165,Abby,Abby Beaumont,April,19,1968,"San Francisco, CA",Nursing,"Franklin Lakes, NJ","Becton, Dickinson and Company",Bowling Green State University," Abby Beaumont has their annual celebration on April 19, 1968. She was birthed in the beautiful city of San Francisco, CA. She had the opportunity to publish their research work in reputable journals while at Bowling Green State University. She gained practical knowledge in Nursing through real-world projects. She was employed at a company based in Franklin Lakes, NJ. She gained insights into the industry while working at Becton, Dickinson and Company."
166,Damian,Damian Newell,November,15,1980,"Mesa, AZ",Applied Business,"Seattle, WA",Amazon,Western Michigan University," Damian Newell reflects on their birth day, November 15, 1980, with gratitude. He has a unique bond with Mesa, AZ. He developed strong critical thinking and problem-solving skills through their studies at Western Michigan University. He developed a strong theoretical foundation in Applied Business. He had a professional role in Seattle, WA. He contributed to the growth of Amazon."
167,Cody,Cody Isaac Long,July,10,1992,"St. Louis, MO",Human Resource Management,"Herndon, VA",Audi,University of Illinois at Urbana - Champaign," Cody Isaac Long commemorates their birth on the same day each year, July 10, 1992. She owes their heritage to St. Louis, MO. She graduated from University of Illinois at Urbana - Champaign. She conducted research on cutting-edge Human Resource Management topics. She was immersed in the professional scene of Herndon, VA. She pursued professional opportunities at Audi."
168,Oliver,Oliver Harrison Wilcox,January,18,1977,"Hialeah, FL",Data Analytics,"New York, NY",S&P Global,"California State University, Fresno"," Oliver Harrison Wilcox celebrates their special day on January 18, 1977. He was brought into existence in Hialeah, FL. He had the opportunity to publish their research work in reputable journals while at California State University, Fresno. He developed a strong foundation in Data Analytics. He worked for a company located in New York, NY. He participated in projects that impacted S&P Global."
169,Valeria,Valeria Ximena Ashcroft,August,12,1951,"San Diego, CA",General Studies,"Houston, TX",Waste Management,Saint Louis University," Valeria Ximena Ashcroft was born on the auspicious day of August 12, 1951. She proudly identifies as a native of San Diego, CA. She completed their thesis or dissertation as a requirement for graduation from Saint Louis University. She specialized in General Studies. She was part of the workforce driving innovation in Houston, TX. She was part of the team at Waste Management."
170,Leslie,Leslie Aaliyah Lord,March,21,1966,"Pembroke Pines, FL",Biochemistry,"Oakland, CA",Pandora,University of San Francisco," Leslie Aaliyah Lord celebrates their birthday on March 21, 1966. He was welcomed into the world in Pembroke Pines, FL. He earned their degree at University of San Francisco. He engaged in collaborative projects in Biochemistry. He was employed by a reputable company in Oakland, CA. He was employed at Pandora, a respected company."
171,Wyatt,Wyatt Millar,September,20,1960,"Olathe, KS",Arts,"Seattle, WA",Amazon,University of Florida," Wyatt Millar entered the world on September 20, 1960. She has deep cultural roots in Olathe, KS. She received guidance and mentorship from alumni of University of Florida who excelled in their field. She explored the intersection of Arts and technology. She contributed their skills to the economic development of Seattle, WA. She played a role in Amazon's operations."
172,Marco,Marco Lauren Bailey,June,6,1963,"West Valley City, UT",Communications,"Fountain Valley, CA",Hyundai,Albert Einstein College of Medicine," Marco Lauren Bailey recognizes June 6, 1963 as their birth date. He has fond memories of West Valley City, UT. He presented their research findings at academic symposiums held at Albert Einstein College of Medicine. He has in-depth knowledge of Communications. He gained insights into the business landscape of Fountain Valley, CA. He was employed by Hyundai."
173,Summer,Summer Hutchinson,August,6,1982,"Hollywood, FL",International Relations,"New York, NY",AIG,Bucknell University," Summer Hutchinson was brought into existence on August 6, 1982. She celebrates their birth in Hollywood, FL. She received guidance and mentorship from alumni of Bucknell University who excelled in their field. She deepened their understanding of International Relations through coursework. She was part of a professional team in New York, NY. She was part of the workforce at AIG."
174,Ivy,Ivy Aaliyah McMillan,December,6,1983,"Fresno, CA",Applied Accounting,"New Albany, OH",Abercrombie & Fitch,Oregon State University," Ivy Aaliyah McMillan celebrates their birth on the remarkable day of December 6, 1983. He originated from Fresno, CA. He graduated from Oregon State University. He researched innovative approaches in Applied Accounting. He made professional connections and expanded their network in New Albany, OH. He pursued professional opportunities at Abercrombie & Fitch."
175,Marcus,Marcus Barnett,July,20,1971,"McAllen, TX",Human Resources,"Newark, NJ",Public Service Enterprise Group,University of Tennessee Health Science Center," Marcus Barnett arrived on this Earth on July 20, 1971. She was born and raised in McAllen, TX. She had the opportunity to participate in cutting-edge research projects at University of Tennessee Health Science Center. She deepened their understanding of Human Resources through coursework. She contributed to the local economy of Newark, NJ. She collaborated with colleagues at Public Service Enterprise Group."
176,Erik,Erik Connor,March,4,1977,"Honolulu, HI",Data Science,"New York, NY",S&P Global,South Dakota State University," Erik Connor commemorates their birth on March 4, 1977, the day they were welcomed into the world. He has fond memories of Honolulu, HI. He conducted research in their area of interest while studying at South Dakota State University. He conducted research on cutting-edge Data Science topics. He was part of a professional team in New York, NY. He developed their career at S&P Global."
177,Melissa,Melissa Maya Gibson,May,1,1996,"Macon, GA",Administration,"Springfield, MA",Massachusetts Mutual Life Insurance,"University of Nevada, Las Vegas"," Melissa Maya Gibson honors their birth day on May 1, 1996. She first saw the light of day in Macon, GA. She received a well-rounded education that prepared them for success after graduating from University of Nevada, Las Vegas. She completed a rigorous program in Administration. She played a role in the business sector of Springfield, MA. She made significant contributions to Massachusetts Mutual Life Insurance during their tenure."
178,Brody,Brody Alexa Roe,December,23,1990,"Indianapolis, IN",Communication,"Franklin, TN",Nissan,University of Missouri - Kansas City," Brody Alexa Roe entered the world on December 23, 1990. He owes their heritage to Indianapolis, IN. He developed valuable networks and connections within their field of study at University of Missouri - Kansas City. He majored in Communication. He worked in Franklin, TN. He worked on projects at Nissan."
179,Alexis,Alexis Watkins,November,7,1988,"Tampa, FL",Cybersecurity,"New Brunswick, NJ",Johnson & Johnson,University of Missouri - Columbia," Alexis Watkins was brought into existence on November 7, 1988. She was born in Tampa, FL. She completed their education at University of Missouri - Columbia with distinction. She studied the principles of Cybersecurity extensively. She was immersed in the professional scene of New Brunswick, NJ. She was immersed in the professional scene at Johnson & Johnson."
180,Gabriel,Gabriel McIntyre,June,23,1996,"Macon, GA",Agriculture,"Burbank, CA",Disney,University of Texas Medical Branch," Gabriel McIntyre reflects on the day they were born, June 23, 1996, and all the blessings that followed. He often reminisces about Macon, GA. He received guidance and mentorship from alumni of University of Texas Medical Branch who excelled in their field. He conducted fieldwork in Agriculture. He was employed by a leading company in Burbank, CA. He contributed to the achievements and milestones of Disney."
181,Caitlyn,Caitlyn Cooper,October,1,1978,"Chula Vista, CA",Information Systems Management,"Houston, TX",Schlumberger,Florida International University," Caitlyn Cooper acknowledges their birth day as October 1, 1978. She holds Chula Vista, CA close to their heart. She participated in community service and outreach initiatives organized by Florida International University. She was actively involved in Information Systems Management research. She experienced the work culture of Houston, TX. She embraced the opportunities and challenges of working at Schlumberger."
182,Bryson,Bryson Sydney Nicholas,September,30,1946,"Bridgeport, CT",Chemical Engineering,"Bellevue, WA",PACCAR,Eastern Virginia Medical School," Bryson Sydney Nicholas rejoices on September 30, 1946 and cherishes the milestones they've achieved. He always carries a piece of Bridgeport, CT within them. He had the opportunity to publish their research work in reputable journals while at Eastern Virginia Medical School. He conducted experiments in Chemical Engineering. He pursued professional opportunities in Bellevue, WA. He had a professional role at PACCAR."
183,Serenity,Serenity Reese Darby,November,28,1999,"Brownsville, TX",Machine Learning,"New York, NY",Pfizer,Hofstra University," Serenity Reese Darby took their first breath on November 28, 1999. She was brought into existence in Brownsville, TX. She studied at Hofstra University. She deepened their understanding of Machine Learning. She contributed to the economy of New York, NY. She was employed by Pfizer."
184,Gabrielle,Gabrielle Josephine Baldwin,June,11,1962,"Providence, RI",Journalism,"Peoria, IL",Caterpillar Inc.,"University of California, Santa Cruz"," Gabrielle Josephine Baldwin reflects on the day they were born, June 11, 1962, and all the blessings that followed. He has a deep connection to Providence, RI. He attended University of California, Santa Cruz for their education. He specialized in the field of Journalism. He was immersed in the professional scene of Peoria, IL. He was an integral part of Caterpillar Inc.'s team."
185,Maria,Maria Grant,January,21,1993,"Midland, TX",International Studies,"McLean, VA",Freddie Mac,Texas Christian University," Maria Grant celebrates their special day on January 21, 1993. She was birthed in the beautiful city of Midland, TX. She was an active member of the academic community at Texas Christian University. She gained hands-on experience in International Studies. She played a role in the success of a company headquartered in McLean, VA. She was part of the workforce driving innovation at Freddie Mac."
186,Valerie,Valerie Bone,August,7,1972,"Pasadena, TX",Communications,"New York, NY",Peacock,Carnegie Mellon University," Valerie Bone was born on the memorable date of August 7, 1972. He first saw the light of day in Pasadena, TX. He was mentored by distinguished professors at Carnegie Mellon University. He studied Communications and its impact on society. He collaborated with colleagues in New York, NY. He was employed by the renowned Peacock."
187,Marcus,Marcus Roper,January,18,1970,"Oxnard, CA",General Studies,"Las Vegas, NV",Las Vegas Sands,"University of North Texas, Denton"," Marcus Roper celebrates their life on the day of January 18, 1970. She owes their heritage to Oxnard, CA. She attended University of North Texas, Denton for their education. She acquired skills in General Studies. She joined the workforce in Las Vegas, NV. She was employed by the renowned Las Vegas Sands."
188,Melissa,Melissa Hayward,August,30,1991,"Milwaukee, WI",Information Technology,"Richfield, MN",Best Buy,Wright State University," Melissa Hayward reflects on the day they were born, August 30, 1991, and all the blessings that followed. He associates their identity with Milwaukee, WI. He was awarded scholarships and grants to support their education at Wright State University. He applied their knowledge of Information Technology to real-world problems. He had a job in Richfield, MN. He collaborated with colleagues at Best Buy."
189,Maria,Maria Peyton Bingham,June,4,1973,"Milwaukee, WI",Public Relations,"Las Vegas, NV",MGM Resorts International,University of Louisiana at Lafayette," Maria Peyton Bingham arrived in this world with joy and blessings on June 4, 1973. She has sentimental ties to Milwaukee, WI. She acquired their knowledge and skills at University of Louisiana at Lafayette. She analyzed Public Relations in their studies. She contributed their skills to the economic development of Las Vegas, NV. She worked on projects at MGM Resorts International."
190,Sophia,Sophia Dominic Bell,November,2,1997,"Cleveland, OH",Information Management,"Bolingbrook, IL",Ulta,University of Massachusetts Boston," Sophia Dominic Bell came into this world on November 2, 1997. He was brought up in Cleveland, OH. He studied at University of Massachusetts Boston. He gained expertise in Information Management. He played a role in the success of a company headquartered in Bolingbrook, IL. He was a key asset to Ulta's success."
191,Julian,Julian Seth Carroll,April,6,1983,"Boston, MA",Public Administration,"Los Angeles, CA",Forever 21,University of Missouri - St. Louis," Julian Seth Carroll was born on the auspicious day of April 6, 1983. She has family ties to Boston, MA. She was awarded scholarships and grants to support their education at University of Missouri - St. Louis. She conducted fieldwork in Public Administration. She worked in Los Angeles, CA and made a positive impact in their field. She gained valuable experience at Forever 21 in their role."
192,Jeffrey,Jeffrey Jacob Beck,October,28,1964,"Amarillo, TX",Commerce,"Menlo Park, CA",Facebook,University of Tennessee Health Science Center," Jeffrey Jacob Beck was born on October 28, 1964, a day that holds significance in their life. He proudly identifies as a native of Amarillo, TX. He completed their studies at University of Tennessee Health Science Center. He specialized in Commerce and its related disciplines. He contributed to the growth of a company in Menlo Park, CA. He gained insights into the industry while working at Facebook."
193,Amelia,Amelia Bella O'Connell,December,5,1972,"Denton, TX",Information Systems,"Dallas, TX",Texas Instruments,Carnegie Mellon University," Amelia Bella O'Connell rejoices on December 5, 1972, the day they were born. She was born and raised in Denton, TX. She had the opportunity to participate in cutting-edge research projects at Carnegie Mellon University. She was actively involved in Information Systems research. She worked with diverse colleagues in Dallas, TX. She gained insights into the industry while working at Texas Instruments."
194,Kathryn,Kathryn Collier,January,13,1951,"Moreno Valley, CA",Public Health,"North Chicago, IL",AbbVie,Howard University," Kathryn Collier has their annual celebration on January 13, 1951. He reflects on their upbringing in Moreno Valley, CA. He received their degree from Howard University. He developed a strong theoretical foundation in Public Health. He had a job in North Chicago, IL. He acquired industry knowledge while working at AbbVie."
195,Noah,Noah Daisy MacKenzie,October,29,1986,"Fremont, CA",International Business,"Detroit, MI",General Motors,Yale University," Noah Daisy MacKenzie marks October 29, 1986 as the day they began their journey. She cherishes their connection to Fremont, CA. She received mentorship and guidance from renowned faculty members at Yale University. She focused on International Business during their studies. She held a position in Detroit, MI. She was an integral part of General Motors's team."
196,William,William Clara Wainwright,September,28,1951,"Murfreesboro, TN",Communications,"Oakland, CA",Pandora,University of Vermont," William Clara Wainwright arrived in this world on September 28, 1951, a day to be remembered. He embraces their birth city of Murfreesboro, TN. He obtained their diploma from University of Vermont. He specialized in Communications and its related disciplines. He gained valuable experience in Oakland, CA's business environment. He was an integral part of Pandora's team."
197,Damian,Damian Amir Wells,June,19,1966,"Tempe, AZ",Political Science,"Franklin Lakes, NJ","Becton, Dickinson and Company",Haverford College," Damian Amir Wells recognizes June 19, 1966 as their birth date. She associates their identity with Tempe, AZ. She leveraged the vast library resources and databases available at Haverford College. She gained hands-on experience in Political Science. She had a job in Franklin Lakes, NJ. She joined Becton, Dickinson and Company as an employee."
198,Samuel,Samuel Fuller,April,28,1973,"Yonkers, NY",Applied Accounting,"Houston, TX",Occidental Petroleum,"California State University, Northridge"," Samuel Fuller was born into this beautiful world on April 28, 1973. He has a strong attachment to Yonkers, NY. He acquired their knowledge and skills at California State University, Northridge. He applied their knowledge of Applied Accounting to real-world problems. He made professional connections in Houston, TX. He collaborated with colleagues at Occidental Petroleum."
199,Anna,Anna Abel Clare,December,29,1952,"Columbus, GA",Pharmaceutical Sciences,"Boston, MA",General Electric,Ohio University," Anna Abel Clare has their annual celebration on December 29, 1952. She was welcomed into the world in Columbus, GA. She engaged in research projects while studying at Ohio University. She gained expertise in the field of Pharmaceutical Sciences through hands-on projects. She worked with diverse colleagues in Boston, MA. She made professional connections at General Electric."
200,Brayden,Brayden Prescott,March,20,1984,"Phoenix, AZ",Communications,"Bloomington, MN",Dairy Queen,Amherst College," Brayden Prescott pays tribute to their birth day, March 20, 1984, each year. He reflects on their upbringing in Phoenix, AZ. He received guidance and mentorship from alumni of Amherst College who excelled in their field. He deepened their understanding of Communications through coursework. He gained work experience in Bloomington, MN. He contributed to the growth of Dairy Queen."
201,Jared,Jared Maria Bland,May,19,1997,"McKinney, TX",Engineering,"Pittsburgh, PA",PNC Financial Services,University of Houston," Jared Maria Bland celebrates their life journey every year on May 19, 1997. She has a strong sense of belonging to McKinney, TX. She had access to state-of-the-art facilities and laboratories at University of Houston. She specialized in Engineering and its applications. She was involved in the professional community of Pittsburgh, PA. She worked diligently at PNC Financial Services to achieve their goals."
202,Karen,Karen Avery Wakefield,June,7,1946,"Palmdale, CA",Photography,"Dallas, TX",AT&T,University of Central Florida," Karen Avery Wakefield looks forward to their birthday every year on June 7, 1946. He embraces their birth city of Palmdale, CA. He completed their education at University of Central Florida with distinction. He was actively involved in Photography research. He developed their career in Dallas, TX. He contributed to the growth of AT&T."
203,Leslie,Leslie Nicole Mitchell,August,1,1982,"Philadelphia, PA",Counseling,"New York, NY",Colgate-Palmolive,Dartmouth College," Leslie Nicole Mitchell reflects on the day they were born, August 1, 1982, and all the blessings that followed. She celebrates their birth in Philadelphia, PA. She graduated from Dartmouth College. She acquired a deep understanding of Counseling concepts. She was immersed in the professional scene of New York, NY. She gained work experience at Colgate-Palmolive."
204,Grace,Grace O'Sullivan,February,20,1953,"Albuquerque, NM",History,"San Antonio, TX",Valero,Texas Tech University Health Sciences Center," Grace O'Sullivan honors their birth day on February 20, 1953. He has a deep connection to Albuquerque, NM. He completed their education at Texas Tech University Health Sciences Center with distinction. He completed a rigorous program in History. He contributed their expertise to a company in San Antonio, TX. He had a job opportunity at Valero."
205,Kylee,Kylee Amy Holland,February,11,1980,"Joliet, IL",Data Science,"Seattle, WA",Starbucks,Columbia University," Kylee Amy Holland arrived in this world on February 11, 1980, a day to be remembered. She takes pride in their birthplace, Joliet, IL. She was mentored by distinguished professors at Columbia University. She conducted research in Data Science. She developed their career in Seattle, WA. She contributed their skills to the success of Starbucks."
206,Ana,Ana Shah,January,29,1971,"Hayward, CA",Information Systems Management,"Atlanta, GA",Chick-fil-A,Stony Brook University," Ana Shah came into this world on January 29, 1971. He hails from Hayward, CA. He deepened their understanding of their field of study through courses at Stony Brook University. He explored the various aspects of Information Systems Management. He made professional connections in Atlanta, GA. He made significant contributions to Chick-fil-A during their tenure."
207,Amanda,Amanda Bryan Salter,July,10,1974,"Baltimore, MD",Advertising,"Houston, TX",Halliburton,Baylor College of Medicine," Amanda Bryan Salter marks their birthday every year on July 10, 1974. She has roots in Baltimore, MD. She was actively involved in student organizations and clubs at Baylor College of Medicine. She pursued a degree in Advertising. She was part of the workforce in Houston, TX. She made professional connections at Halliburton."
208,Amy,Amy George,August,24,1948,"Frisco, TX",Education,"San Diego, CA",Sempra Energy,George Washington University," Amy George was born on the auspicious day of August 24, 1948. He took their first breath in Frisco, TX. He participated in community service and outreach initiatives organized by George Washington University. He pursued advanced studies in Education. He contributed to the economy of San Diego, CA. He contributed their skills to the success of Sempra Energy."
209,Micah,Micah Katherine Bird,January,23,1968,"Overland Park, KS",Counseling,"Herndon, VA",Volkswagen,University of South Carolina - Columbia," Micah Katherine Bird has their annual celebration on January 23, 1968. She takes pride in their birthplace, Overland Park, KS. She benefited from the resources and facilities provided by University of South Carolina - Columbia. She completed a comprehensive program in Counseling. She made professional connections in Herndon, VA. She had a job at Volkswagen."
210,Shawn,Shawn Michael Burke,January,10,1997,"Pomona, CA",Civil Engineering,"Dublin, OH",Wendy's,Carnegie Mellon University," Shawn Michael Burke was born on January 10, 1997, a day that holds significance in their life. He has a special bond with Pomona, CA. He undertook their academic journey at Carnegie Mellon University. He pursued interdisciplinary studies related to Civil Engineering. He gained insights into the business landscape of Dublin, OH. He gained valuable experience at Wendy's in their role."
211,Diego,Diego Tate Duggan,November,6,1986,"Mobile, AL",Entrepreneurship,"New York, NY",CBS,University of Virginia," Diego Tate Duggan acknowledges November 6, 1986 as the day they were born. She entered this world in Mobile, AL. She engaged in hands-on learning experiences that prepared them for their career at University of Virginia. She specialized in Entrepreneurship. She acquired industry knowledge while working in New York, NY. She was immersed in the professional scene at CBS."
212,Ivan,Ivan Savannah Cope,May,20,1990,"Chula Vista, CA",Aerospace Engineering,"Herndon, VA",Audi,West Virginia University," Ivan Savannah Cope was brought into existence on May 20, 1990. He entered this world in Chula Vista, CA. He participated in community service and outreach initiatives organized by West Virginia University. He was actively involved in Aerospace Engineering research. He had a job opportunity in Herndon, VA. He contributed their skills to the success of Audi."
213,Aaron,Aaron Anthony Broughton,September,18,1956,"Durham, NC",Analytics,"New York, NY",Nasdaq,Northern Illinois University," Aaron Anthony Broughton celebrates their birthday on September 18, 1956. She was welcomed into the world in Durham, NC. She earned their degree at Northern Illinois University. She dedicated their studies to Analytics. She played a role in the success of a company headquartered in New York, NY. She contributed to the success of Nasdaq."
214,Chloe,Chloe Eli Jenkinson,February,5,1995,"Roseville, CA",Business Administration,"Atlanta, GA",Delta Air Lines,University of North Carolina at Chapel Hill," Chloe Eli Jenkinson was gifted to the world on February 5, 1995. He has vivid recollections of Roseville, CA. He completed their education at University of North Carolina at Chapel Hill with distinction. He explored the intersection of Business Administration and technology. He contributed to the success of a company in Atlanta, GA. He was a key asset to Delta Air Lines's success."
215,Alicia,Alicia Alan Waite,March,15,1950,"Chesapeake, VA",Human Services,"Bethesda, MD",Lockheed Martin,Babson College," Alicia Alan Waite's birth is celebrated annually on March 15, 1950. She feels a deep connection to Chesapeake, VA. She was actively involved in student organizations and clubs at Babson College. She specialized in Human Services and its related disciplines. She embraced the opportunities and challenges of working in Bethesda, MD. She had a job opportunity at Lockheed Martin."
216,Kiara,Kiara Dixon,June,18,1973,"Gilbert, AZ",Civil Engineering,"San Francisco, CA",Salesforce,"University of Maryland, Baltimore"," Kiara Dixon celebrates their special day on June 18, 1973. He was birthed in the beautiful city of Gilbert, AZ. He gained practical experience through hands-on projects and assignments at University of Maryland, Baltimore. He completed a comprehensive program in Civil Engineering. He gained work experience in San Francisco, CA. He contributed to the success of Salesforce."
217,Hannah,Hannah Franks,June,2,1973,"Lincoln, NE",Counseling,"Columbus, OH",Victoria's Secret,Northern Arizona University," Hannah Franks was born on the memorable date of June 2, 1973. She associates their identity with Lincoln, NE. She had access to state-of-the-art facilities and laboratories at Northern Arizona University. She studied Counseling and its impact on society. She worked in Columbus, OH. She worked for Victoria's Secret, a leading company."
218,Taylor,Taylor Evan McKay,July,27,1977,"Fresno, CA",Nursing,"Atlanta, GA",Chick-fil-A,"University of California, Davis"," Taylor Evan McKay celebrates their life on the day of July 27, 1977. He was brought up in Fresno, CA. He took part in internships and practical training opportunities offered by University of California, Davis. He engaged in collaborative projects in Nursing. He joined the workforce in Atlanta, GA. He had a professional role at Chick-fil-A."
219,Grace,Grace Hoare,February,21,1991,"Santa Rosa, CA",Project Management,"San Diego, CA",Qualcomm,Babson College," Grace Hoare entered the world with joy on February 21, 1991. She has vivid recollections of Santa Rosa, CA. She engaged in hands-on learning experiences that prepared them for their career at Babson College. She gained insights into Project Management through hands-on experiments. She worked on projects in San Diego, CA. She was part of a dynamic work environment at Qualcomm."
220,Finn,Finn Aliyah Butcher,May,24,1949,"Pasadena, CA",Industrial,"Bentonville, AR",Walmart,Arizona State University," Finn Aliyah Butcher arrived on this Earth on May 24, 1949, ready to embrace life's adventures. He has a profound appreciation for Pasadena, CA. He was an active member of the academic community at Arizona State University. He has a strong background in Industrial. He worked with clients and customers from Bentonville, AR. He was employed at Walmart, a respected company."
221,Charles,Charles Halliday,June,19,1952,"Huntington Beach, CA",Business,"Las Vegas, NV",Las Vegas Sands,University of North Carolina at Chapel Hill," Charles Halliday has their annual celebration on June 19, 1952. She was brought into existence in Huntington Beach, CA. She collaborated with industry partners during their studies at University of North Carolina at Chapel Hill. She researched innovative approaches in Business. She worked on projects in Las Vegas, NV. She was immersed in the professional scene at Las Vegas Sands."
222,Naomi,Naomi Eden Glover,March,2,1953,"Killeen, TX",Photography,"Chicago, IL",Hyatt,Western Michigan University," Naomi Eden Glover reflects on their birth day, March 2, 1953, with gratitude. He associates their childhood with Killeen, TX. He gained practical experience through hands-on projects and assignments at Western Michigan University. He majored in Photography. He acquired industry knowledge while working in Chicago, IL. He was employed by the renowned Hyatt."
223,Mckenzie,Mckenzie Appleton,May,8,1957,"Shreveport, LA",Counseling,"Dublin, OH",Cardinal Health,San Jose State University," Mckenzie Appleton was born on May 8, 1957. She reflects on their upbringing in Shreveport, LA. She gained a global perspective through international exchange programs at San Jose State University. She focused on Counseling during their studies. She had a professional role in Dublin, OH. She made professional connections at Cardinal Health."
224,Jessica,Jessica Alexa Head,March,3,1984,"Winston–Salem, NC",Software Engineering,"New York, NY",Avon Products,Northern Arizona University," Jessica Alexa Head arrived on this Earth on March 3, 1984. He often reminisces about Winston–Salem, NC. He completed their education at Northern Arizona University with distinction. He gained hands-on experience in Software Engineering. He spent time working in New York, NY. He worked on projects at Avon Products."
225,Christopher,Christopher Alyssa Parmar,March,16,1971,"Little Rock, AR",Political Science,"Westborough, MA",BJ's Wholesale Club,Oakland University," Christopher Alyssa Parmar celebrates their birthday on March 16, 1971. She has a profound appreciation for Little Rock, AR. She developed strong critical thinking and problem-solving skills through their studies at Oakland University. She has a strong background in Political Science. She contributed their skills to the economic development of Westborough, MA. She spent time working at BJ's Wholesale Club."
226,Camila,Camila Ingram,March,21,1997,"Henderson, NV",Communication,"Herndon, VA",Audi,"University of North Texas, Denton"," Camila Ingram arrived on this Earth on March 21, 1997, ready to embrace life's adventures. He reflects on their upbringing in Henderson, NV. He received guidance and mentorship from alumni of University of North Texas, Denton who excelled in their field. He developed a strong theoretical foundation in Communication. He contributed to the success of a company in Herndon, VA. He was employed at Audi, a respected company."
227,Gabrielle,Gabrielle Austin,June,11,1986,"Modesto, CA",Business Management,"Baltimore, MD",Under Armour,Kansas State University," Gabrielle Austin celebrates their birth on the remarkable day of June 11, 1986. She associates their childhood with Modesto, CA. She leveraged the vast library resources and databases available at Kansas State University. She conducted in-depth research in Business Management. She pursued professional opportunities in Baltimore, MD. She contributed to the achievements and milestones of Under Armour."
228,Jasmine,Jasmine Christie,June,8,1974,"Detroit, MI",Graphic Design,"New York, NY",NBC,Albany Medical College," Jasmine Christie arrived on this Earth on June 8, 1974. He spent their early years in Detroit, MI. He studied at Albany Medical College. He gained practical experience in Graphic Design. He worked with clients and customers from New York, NY. He played a role in the success of NBC."
229,Lucas,Lucas Brayden Neal,April,25,1992,"Modesto, CA",Finance,"Maplewood, MN",3M,Colgate University," Lucas Brayden Neal celebrates their special day on April 25, 1992. She always carries a piece of Modesto, CA within them. She participated in academic conferences and events organized by Colgate University. She explored the theoretical aspects of Finance. She was involved in the professional community of Maplewood, MN. She developed their career at 3M."
230,Luke,Luke Ayres,March,14,2000,"Mobile, AL",Commerce,"Springdale, AR",Tyson Foods,University of Tulsa," Luke Ayres celebrates their special day of March 14, 2000 every year. He holds a special place in their heart for Mobile, AL. He participated in community service and outreach initiatives organized by University of Tulsa. He studied the principles of Commerce extensively. He acquired industry knowledge while working in Springdale, AR. He embraced the opportunities and challenges of working at Tyson Foods."
231,Emmanuel,Emmanuel Leonardo Short,May,22,1950,"Yonkers, NY",Administration,"San Antonio, TX",Valero,"University of North Texas, Denton"," Emmanuel Leonardo Short recognizes May 22, 1950 as their birth date. She was birthed in the beautiful city of Yonkers, NY. She participated in academic conferences and events organized by University of North Texas, Denton. She studied Administration and its impact on society. She was engaged in work activities in San Antonio, TX. She pursued professional opportunities at Valero."
232,Cassandra,Cassandra Mead,September,9,1987,"Mesquite, TX",Civil Engineering,"Peoria, IL",Caterpillar Inc.,Florida Atlantic University," Cassandra Mead arrived on September 9, 1987. He originated from Mesquite, TX. He developed valuable networks and connections within their field of study at Florida Atlantic University. He completed a comprehensive program in Civil Engineering. He was part of a dynamic work environment in Peoria, IL. He contributed to the achievements and milestones of Caterpillar Inc.."
233,Abby,Abby Liam England,September,7,1989,"Gilbert, AZ",Microbiology,"Kenilworth, NJ",Merck,Kent State University," Abby Liam England took their first breath on September 7, 1989. She has a strong affinity for Gilbert, AZ. She developed valuable networks and connections within their field of study at Kent State University. She analyzed Microbiology in their studies. She developed their career in Kenilworth, NJ. She had a professional role at Merck."
234,Jocelyn,Jocelyn Terry,April,12,1998,"Paterson, NJ",Economics,"Chicago, IL",Exelon,Baylor College of Medicine," Jocelyn Terry rejoices on April 12, 1998, the day they were born. He has a personal connection to Paterson, NJ. He was mentored by distinguished professors at Baylor College of Medicine. He developed a strong theoretical foundation in Economics. He gained valuable skills while working in Chicago, IL. He was involved in the day-to-day operations of Exelon."
235,Faith,Faith Francis,December,29,1984,"Las Vegas, NV",Sports Management,"Mountain View, CA",Google,University of Central Florida," Faith Francis marks their birthday every year on December 29, 1984. She hails from Las Vegas, NV. She attended University of Central Florida for their education. She acquired practical skills applicable to Sports Management. She participated in projects that impacted Mountain View, CA. She was employed by Google, a reputable company."
236,Patrick,Patrick Spencer,March,28,1960,"Honolulu, HI",Chemical Engineering,"San Francisco, CA",Old Navy,College of the Holy Cross," Patrick Spencer commemorates their birth anniversary on March 28, 1960. He has sentimental ties to Honolulu, HI. He was mentored by distinguished professors at College of the Holy Cross. He explored the intersection of Chemical Engineering and technology. He was employed by a reputable company in San Francisco, CA. He worked with clients and customers of Old Navy."
237,Kyle,Kyle Boulton,January,6,1983,"Jacksonville, FL",Photography,"Monrovia, CA",Trader Joe's,University of Notre Dame," Kyle Boulton was brought into existence on January 6, 1983. She has a strong attachment to Jacksonville, FL. She received their degree from University of Notre Dame. She specialized in Photography with a focus on practical applications. She played a role in the business sector of Monrovia, CA. She was involved in the day-to-day operations of Trader Joe's."
238,Megan,Megan Mila England,March,23,1990,"Los Angeles, CA",French,"Dallas, TX",AT&T,Grinnell College," Megan Mila England rejoices on March 23, 1990, the day they were born. He spent their early years in Los Angeles, CA. He obtained their diploma from Grinnell College. He specialized in French. He was involved in the professional community of Dallas, TX. He contributed to the success of AT&T."
239,Arianna,Arianna Peel,May,24,1959,"Garden Grove, CA",International Relations,"Los Angeles, CA",Forever 21,Stevens Institute of Technology," Arianna Peel's birth is celebrated annually on May 24, 1959. She holds Garden Grove, CA close to their heart. She completed their thesis or dissertation as a requirement for graduation from Stevens Institute of Technology. She conducted fieldwork in International Relations. She worked in Los Angeles, CA. She was immersed in the professional scene at Forever 21."
240,Zoey,Zoey Daisy Dyson,September,17,1990,"Tucson, AZ",Public Health,"Juno Beach, FL",NextEra Energy,Emory University," Zoey Daisy Dyson celebrates their special day each year on September 17, 1990. He has sentimental ties to Tucson, AZ. He received a well-rounded education that prepared them for success after graduating from Emory University. He gained expertise in the field of Public Health through hands-on projects. He contributed their skills to the economic development of Juno Beach, FL. He was a key asset to NextEra Energy's success."
241,Gabriella,Gabriella Dawes,November,24,1971,"Oxnard, CA",Communication,"New York, NY",S&P Global,University of Vermont," Gabriella Dawes arrived on this Earth on November 24, 1971, ready to embrace life's adventures. She has a profound appreciation for Oxnard, CA. She developed valuable networks and connections within their field of study at University of Vermont. She completed a rigorous program in Communication. She had employment prospects in New York, NY. She experienced the work culture at S&P Global."
242,Manuel,Manuel East,August,14,1951,"Amarillo, TX",English,"New York, NY",SiriusXM,North Carolina State University," Manuel East came into existence on the significant date of August 14, 1951. He proudly identifies as a native of Amarillo, TX. He received guidance and mentorship from alumni of North Carolina State University who excelled in their field. He acquired practical skills applicable to English. He made professional connections and expanded their network in New York, NY. He worked at SiriusXM and made a positive impact in their field."
243,Diana,Diana Ryder,November,6,1992,"Paterson, NJ",Engineering Management,"Palo Alto, CA",HP,Texas Tech University Health Sciences Center," Diana Ryder rejoices on November 6, 1992 and cherishes the milestones they've achieved. She was brought into existence in Paterson, NJ. She engaged in hands-on learning experiences that prepared them for their career at Texas Tech University Health Sciences Center. She pursued advanced coursework in Engineering Management. She worked with clients and customers from Palo Alto, CA. She worked diligently at HP to achieve their goals."
244,Victor,Victor Rowe,June,13,1960,"Joliet, IL",Analytics,"Bloomington, MN",Dairy Queen,Antioch College," Victor Rowe celebrates another year of life on June 13, 1960. He entered this world in Joliet, IL. He was involved in collaborative projects with fellow students at Antioch College. He developed a strong theoretical foundation in Analytics. He worked in Bloomington, MN and made a positive impact in their field. He was engaged in work activities at Dairy Queen."
245,Jayla,Jayla Genesis Smyth,June,1,1953,"Fort Lauderdale, FL",Chinese,"New York, NY",Colgate-Palmolive,University of Texas at San Antonio," Jayla Genesis Smyth looks forward to their birthday every year on June 1, 1953. She has deep cultural roots in Fort Lauderdale, FL. She earned their degree at University of Texas at San Antonio. She has a strong background in Chinese. She made professional connections and expanded their network in New York, NY. She acquired industry knowledge while working at Colgate-Palmolive."
246,Jazmin,Jazmin Wade,April,27,1981,"Garden Grove, CA",Machine Learning,"Hawthorne, CA",SpaceX,Eastern Virginia Medical School," Jazmin Wade arrived in this world on April 27, 1981, a day to be remembered. He first saw the light of day in Garden Grove, CA. He graduated from Eastern Virginia Medical School. He specialized in Machine Learning. He was employed by a reputable company in Hawthorne, CA. He gained work experience at SpaceX."
247,Caitlin,Caitlin Ellison,April,5,1987,"Fayetteville, NC",Cybersecurity,"Newport Beach, CA",Chipotle,University of Pennsylvania," Caitlin Ellison celebrates their life on the day of April 5, 1987. She owes their birth to Fayetteville, NC. She had the opportunity to study abroad as part of their program at University of Pennsylvania. She focused on Cybersecurity during their studies. She experienced the work culture of Newport Beach, CA. She made significant contributions to Chipotle during their tenure."
248,Alexander,Alexander Dylan Naylor,March,9,1958,"Pomona, CA",Criminal Justice,"Detroit, MI",Little Caesars,Rutgers University - New Brunswick," Alexander Dylan Naylor reflects on their birth day, March 9, 1958, with gratitude. He often reminisces about Pomona, CA. He presented their research findings at academic symposiums held at Rutgers University - New Brunswick. He conducted in-depth research in Criminal Justice. He worked with clients and customers from Detroit, MI. He worked on projects at Little Caesars."
249,Camila,Camila Victor MacKay,July,19,1952,"Naperville, IL",Mathematics,"Columbus, OH",Bath & Body Works,University of Alabama - Tuscaloosa," Camila Victor MacKay commemorates their birth anniversary on July 19, 1952. She was born and raised in Naperville, IL. She was awarded scholarships and grants to support their education at University of Alabama - Tuscaloosa. She participated in internships related to Mathematics. She was employed by a reputable company in Columbus, OH. She collaborated with colleagues at Bath & Body Works."
250,Genesis,Genesis O'Reilly,December,2,1996,"Bakersfield, CA",Finance,"New York, NY",Pfizer,University of Minnesota Duluth," Genesis O'Reilly reflects on the day they were born, December 2, 1996, and all the blessings that followed. He takes pride in their birthplace, Bakersfield, CA. He had the opportunity to participate in cutting-edge research projects at University of Minnesota Duluth. He researched innovative approaches in Finance. He joined the workforce in New York, NY. He was employed by the renowned Pfizer."
251,Rachel,Rachel Alaina Gibson,July,8,1973,"Springfield, MA",Public Health,"Plano, TX",JCPenney,University of Tulsa," Rachel Alaina Gibson rejoices on July 8, 1973, the day they were born. She was brought into existence in Springfield, MA. She was awarded scholarships and grants to support their education at University of Tulsa. She gained practical knowledge in Public Health through real-world projects. She collaborated with colleagues in Plano, TX. She gained work experience at JCPenney."
252,Amanda,Amanda O'Reilly,May,23,1986,"Rockford, IL",Computer Information Systems,"Boston, MA",Reebok,Dartmouth College," Amanda O'Reilly celebrates their life journey every year on May 23, 1986. He was welcomed into the world in Rockford, IL. He gained a global perspective through international exchange programs at Dartmouth College. He acquired skills in Computer Information Systems. He acquired industry-specific knowledge while working in Boston, MA. He developed their career at Reebok."
253,Grace,Grace Skelton,September,19,2000,"Chattanooga, TN",Business Administration,"Chicago, IL",Kraft Heinz,Rockefeller University," Grace Skelton commemorates their birth on the same day each year, September 19, 2000. She embraces their birth city of Chattanooga, TN. She completed their studies at Rockefeller University. She conducted fieldwork in Business Administration. She joined the workforce in Chicago, IL. She contributed their skills to the success of Kraft Heinz."
254,Trevor,Trevor Cotton,July,19,1962,"Riverside, CA",Pharmaceutical Sciences,"Mountain View, CA",Google,University of Toledo," Trevor Cotton looks forward to their birthday every year on July 19, 1962. He took their first breath in Riverside, CA. He had the opportunity to contribute to the research and innovation ecosystem at University of Toledo. He researched innovative approaches in Pharmaceutical Sciences. He contributed to the economy of Mountain View, CA. He contributed to the success of Google."
255,Reuben,Reuben Patrick Forbes,August,14,1996,"Grand Rapids, MI",Agriculture,"Westborough, MA",BJ's Wholesale Club,Florida State University," Reuben Patrick Forbes looks forward to their birthday every year on August 14, 1996. She has a deep sense of nostalgia for Grand Rapids, MI. She took part in internships and practical training opportunities offered by Florida State University. She pursued a degree in Agriculture. She worked with clients and customers from Westborough, MA. She was employed by the renowned BJ's Wholesale Club."
256,Liam,Liam Katelyn Franks,September,3,1993,"Cape Coral, FL",Computer Information Systems,"Indianapolis, IN",Anthem,University of Massachusetts Amherst," Liam Katelyn Franks was brought into existence on September 3, 1993. He has vivid recollections of Cape Coral, FL. He was mentored by distinguished professors at University of Massachusetts Amherst. He specialized in Computer Information Systems with a focus on practical applications. He pursued professional opportunities in Indianapolis, IN. He contributed to the growth of Anthem."
257,Natalie,Natalie Morrison,November,17,1952,"Fresno, CA",Management Studies,"Cincinnati, OH",Kroger,University of Texas Health Science Center at Houston," Natalie Morrison acknowledges their birth day as November 17, 1952. She hails from Fresno, CA. She undertook their academic journey at University of Texas Health Science Center at Houston. She has a strong background in Management Studies. She worked in Cincinnati, OH and made a positive impact in their field. She was employed at Kroger, a respected company."
258,Joshua,Joshua Warner,October,16,1991,"Bridgeport, CT",Economics,"San Jose, CA",eBay,University of Cincinnati," Joshua Warner came into this world on October 16, 1991. He holds Bridgeport, CT close to their heart. He took part in internships and practical training opportunities offered by University of Cincinnati. He specialized in the field of Economics. He was part of a professional team in San Jose, CA. He worked diligently at eBay to achieve their goals."
259,Conner,Conner Jennifer Ashworth,December,12,1967,"Lancaster, CA",Philosophy,"New York, NY",Pfizer,College of William & Mary," Conner Jennifer Ashworth acknowledges their birth day as December 12, 1967. She was born in Lancaster, CA. She obtained their diploma from College of William & Mary. She conducted in-depth research in Philosophy. She made professional connections in New York, NY. She was part of the team at Pfizer."
260,Jordan,Jordan Monk,June,26,1963,"Knoxville, TN",Project Management,"South Burlington, VT",Ben & Jerry's,Medical University of South Carolina," Jordan Monk celebrates their birthday on June 26, 1963. He has family ties to Knoxville, TN. He was recognized for their academic achievements at Medical University of South Carolina. He explored emerging trends in Project Management. He pursued professional opportunities in South Burlington, VT. He worked at Ben & Jerry's and made a positive impact in their field."
261,Gabriella,Gabriella O'Brien,August,28,1955,"Sioux Falls, SD",Statistics,"McLean, VA",Capital One,Clarkson University," Gabriella O'Brien's birth is celebrated annually on August 28, 1955. She was brought up in Sioux Falls, SD. She explored interdisciplinary approaches to learning at Clarkson University. She applied their knowledge of Statistics to real-world problems. She embraced the opportunities and challenges of working in McLean, VA. She gained valuable experience at Capital One in their role."
262,Erik,Erik Adeline Nelson,September,4,1975,"Scottsdale, AZ",Architecture,"New York, NY",MetLife,"University of North Texas, Denton"," Erik Adeline Nelson took their first breath on September 4, 1975. He feels a deep connection to Scottsdale, AZ. He was enrolled at University of North Texas, Denton for their studies. He engaged in collaborative projects in Architecture. He played a role in the success of a company headquartered in New York, NY. He was immersed in the professional scene at MetLife."
263,Caden,Caden McGregor,November,5,1987,"Newport News, VA",Civil Engineering,"St. Louis, MO",Panera Bread,Columbia University," Caden McGregor's birth is celebrated annually on November 5, 1987. She has a profound appreciation for Newport News, VA. She had the opportunity to study abroad as part of their program at Columbia University. She has a strong background in Civil Engineering. She embraced the opportunities and challenges of working in St. Louis, MO. She gained valuable skills while working at Panera Bread."
264,Julia,Julia Anthony Woodward,September,18,1956,"Naperville, IL",Computer Information Systems,"Atlanta, GA",Coca-Cola,University of Wyoming," Julia Anthony Woodward arrived on September 18, 1956. He holds a special place in their heart for Naperville, IL. He received guidance and mentorship from alumni of University of Wyoming who excelled in their field. He was actively involved in Computer Information Systems research. He worked on projects in Atlanta, GA. He contributed to the success of Coca-Cola in their role."
265,Marco,Marco Poole,February,25,1993,"San Antonio, TX",Photography,"Newark, NJ",Prudential Financial,"California State University, Fullerton"," Marco Poole has their annual celebration on February 25, 1993. She often reminisces about San Antonio, TX. She conducted research in their area of interest while studying at California State University, Fullerton. She acquired practical skills relevant to Photography. She was employed in Newark, NJ. She contributed to the growth and development of Prudential Financial."
266,Mary,Mary Hough,December,13,1974,"Grand Prairie, TX",Journalism,"Foster City, CA",Gilead Sciences,"University of California, San Francisco"," Mary Hough's birth is celebrated annually on December 13, 1974. He celebrates their birth in Grand Prairie, TX. He participated in various extracurricular activities at University of California, San Francisco. He studied the principles of Journalism extensively. He had a professional role in Foster City, CA. He joined Gilead Sciences as an employee."
267,Peyton,Peyton Charles Bullock,June,12,1954,"Long Beach, CA",Geology,"New York, NY",ABC,Fairfield University," Peyton Charles Bullock celebrates their life journey every year on June 12, 1954. She hails from Long Beach, CA. She completed their thesis or dissertation as a requirement for graduation from Fairfield University. She participated in internships related to Geology. She made professional connections and expanded their network in New York, NY. She pursued professional opportunities at ABC."
268,Christina,Christina Rachel Adams,August,18,1945,"Lakewood, CO",Agriculture,"Camden, NJ",Subaru,Albert Einstein College of Medicine," Christina Rachel Adams was born on August 18, 1945, a day that holds significance in their life. He was birthed in the beautiful city of Lakewood, CO. He obtained their diploma from Albert Einstein College of Medicine. He studied the principles of Agriculture extensively. He was part of the workforce driving innovation in Camden, NJ. He had a professional role at Subaru."
269,Aiden,Aiden Stevenson,December,30,1957,"Springfield, MA",Botany,"San Jose, CA",eBay,Brown University," Aiden Stevenson was born on the memorable date of December 30, 1957. She holds a special place in their heart for Springfield, MA. She developed valuable networks and connections within their field of study at Brown University. She explored emerging trends in Botany. She spent time working in San Jose, CA. She worked at eBay and made a positive impact in their field."
270,Alexander,Alexander Connor,August,21,1954,"San Jose, CA",Computer Engineering,"New York, NY",Avon Products,University of Rochester," Alexander Connor reflects on their birth day, August 21, 1954, with gratitude. He has a deep connection to San Jose, CA. He was part of a vibrant and diverse student community at University of Rochester. He applied their knowledge of Computer Engineering to real-world problems. He gained insights into the business landscape of New York, NY. He was employed by Avon Products."
271,Dominic,Dominic Drury,November,21,1967,"Providence, RI",Film,"Armonk, NY",IBM,Brown University," Dominic Drury was brought into existence on November 21, 1967. She has a profound appreciation for Providence, RI. She developed valuable networks and connections within their field of study at Brown University. She excelled in Film. She had a job in Armonk, NY. She held a position at IBM."
272,Preston,Preston Peacock,June,25,1997,"Amarillo, TX",Liberal Arts,"New York, NY",NBC,Pepperdine University," Preston Peacock was gifted to the world on June 25, 1997. He has sentimental ties to Amarillo, TX. He engaged in hands-on learning experiences that prepared them for their career at Pepperdine University. He gained expertise in the field of Liberal Arts through hands-on projects. He acquired industry knowledge while working in New York, NY. He had a professional role at NBC."
273,Joseph,Joseph Paisley Vincent,August,5,1955,"Los Angeles, CA",Pharmaceutical Sciences,"Atlanta, GA",Arby's,Pennsylvania State University," Joseph Paisley Vincent celebrates their special day of August 5, 1955 every year. She owes their roots to Los Angeles, CA. She was involved in collaborative projects with fellow students at Pennsylvania State University. She conducted experiments in Pharmaceutical Sciences. She worked in Atlanta, GA and made a positive impact in their field. She had a job at Arby's."
274,Cassidy,Cassidy Oscar Bridges,March,1,1981,"Tempe, AZ",Journalism,"Redmond, WA",Microsoft,Baylor College of Medicine," Cassidy Oscar Bridges acknowledges their birth day as March 1, 1981. He hails from Tempe, AZ. He conducted research in their area of interest while studying at Baylor College of Medicine. He gained hands-on experience in Journalism. He was part of a professional team in Redmond, WA. He was employed at Microsoft, a respected company."
275,Mya,Mya Matthews,May,5,1965,"Denton, TX",Computer Information Systems,"Camp Hill, PA",Rite Aid,Babson College," Mya Matthews's birthday falls on May 5, 1965. She has a strong affinity for Denton, TX. She was involved in collaborative projects with fellow students at Babson College. She pursued advanced coursework in Computer Information Systems. She played a role in the business sector of Camp Hill, PA. She had a professional role at Rite Aid."
276,Ana,Ana Clark,March,28,1969,"Raleigh, NC",Communications,"Round Rock, TX",Dell,"California State University, Long Beach"," Ana Clark was brought into existence on March 28, 1969. He entered this world in Raleigh, NC. He developed valuable networks and connections within their field of study at California State University, Long Beach. He dedicated their studies to Communications. He contributed to the success of a company in Round Rock, TX. He was employed by the renowned Dell."
277,Liliana,Liliana Joyce,March,30,1994,"Clarksville, TN",Data Science,"Newark, NJ",Prudential Financial,Yeshiva University," Liliana Joyce honors their birth day on March 30, 1994. She has fond memories of Clarksville, TN. She graduated from Yeshiva University. She has a strong background in Data Science. She pursued professional opportunities in Newark, NJ. She was employed at Prudential Financial, a respected company."
278,Christopher,Christopher Robert Kenny,February,7,1984,"Austin, TX",Film,"New York, NY",Revlon,Stanford University," Christopher Robert Kenny rejoices on February 7, 1984 and cherishes the milestones they've achieved. He calls Austin, TX their birthplace. He received their degree from Stanford University. He was actively involved in Film research. He was involved in the industry of New York, NY. He was part of the workforce at Revlon."
279,Audrey,Audrey Edward Allison,February,26,1997,"Aurora, CO",Electronics,"New York, NY",SiriusXM,Antioch College," Audrey Edward Allison's birthday falls on February 26, 1997. She reflects on their upbringing in Aurora, CO. She received their degree from Antioch College. She developed a strong foundation in Electronics. She was part of a dynamic work environment in New York, NY. She had a job opportunity at SiriusXM."
280,Charlotte,Charlotte Lincoln Lomas,January,21,1950,"Arlington, TX",Sports Management,"Winston-Salem, NC",Krispy Kreme,"University of Oklahoma, Norman"," Charlotte Lincoln Lomas arrived on this Earth on January 21, 1950. He started their life journey in Arlington, TX. He had access to state-of-the-art facilities and laboratories at University of Oklahoma, Norman. He applied their knowledge of Sports Management. He played a role in the business sector of Winston-Salem, NC. He contributed to the success of Krispy Kreme in their role."
281,Tristan,Tristan Rachel Walsh,November,23,1963,"Santa Rosa, CA",Pharmaceutical Sciences,"Omaha, NE",Union Pacific Corporation,Rockefeller University," Tristan Rachel Walsh was brought into existence on November 23, 1963. She is a native of Santa Rosa, CA. She acquired their knowledge and skills at Rockefeller University. She conducted research in Pharmaceutical Sciences. She was employed by a leading company in Omaha, NE. She was employed by Union Pacific Corporation, a reputable company."
282,Charlotte,Charlotte Jameson McKenna,April,23,1993,"Pomona, CA",History,"Deerfield, IL",Caterpillar,Purdue University," Charlotte Jameson McKenna celebrates another year of life on April 23, 1993. He takes pride in their birthplace, Pomona, CA. He was actively involved in student organizations and clubs at Purdue University. He gained insights into History through hands-on experiments. He gained insights into the business landscape of Deerfield, IL. He contributed to the success of Caterpillar in their role."
283,Henry,Henry Hodson,October,9,1974,"Scottsdale, AZ",Information Systems,"Atlanta, GA",Intercontinental Exchange,University of Montana," Henry Hodson was brought into existence on October 9, 1974. She has a special bond with Scottsdale, AZ. She received their degree from University of Montana. She applied their knowledge of Information Systems. She collaborated with colleagues in Atlanta, GA. She contributed their skills to the success of Intercontinental Exchange."
284,Aaron,Aaron Brody Barlow,August,24,1950,"Chandler, AZ",Graphic Design,"Norfolk, VA",Norfolk Southern,Santa Clara University," Aaron Brody Barlow arrived in this world on August 24, 1950, a day to be remembered. He came into the world in Chandler, AZ. He was recognized for their academic achievements at Santa Clara University. He majored in Graphic Design. He worked on projects in Norfolk, VA. He was involved in the day-to-day operations of Norfolk Southern."
285,Breanna,Breanna Maxwell,April,17,1963,"Rockford, IL",Software Engineering,"Plano, TX",Pizza Hut,University of Massachusetts Dartmouth," Breanna Maxwell has their annual celebration on April 17, 1963. She hails from Rockford, IL. She participated in various extracurricular activities at University of Massachusetts Dartmouth. She conducted in-depth research in Software Engineering. She worked in Plano, TX and made a positive impact in their field. She made significant contributions to Pizza Hut during their tenure."
286,Brendan,Brendan Bower,January,3,1961,"Virginia Beach, VA",Engineering Management,"Irvine, CA",Kia,Stanford University," Brendan Bower entered the world on January 3, 1961. He has sentimental ties to Virginia Beach, VA. He was part of a vibrant and diverse student community at Stanford University. He conducted in-depth research in Engineering Management. He was involved in the professional community of Irvine, CA. He gained work experience at Kia."
287,Parker,Parker Li,February,17,1985,"Orlando, FL",English,"Falls Church, VA",Northrop Grumman,Northern Illinois University," Parker Li came into existence on the significant date of February 17, 1985. She has a deep sense of nostalgia for Orlando, FL. She had access to state-of-the-art facilities and laboratories at Northern Illinois University. She explored the theoretical aspects of English. She had a professional role in Falls Church, VA. She was involved in the day-to-day operations of Northrop Grumman."
288,Brooke,Brooke Storey,January,22,1984,"Chesapeake, VA",Philosophy,"San Jose, CA",Cisco,Haverford College," Brooke Storey rejoices on January 22, 1984, the day they were born. He owes their birth to Chesapeake, VA. He undertook their academic journey at Haverford College. He specialized in Philosophy with a focus on practical applications. He participated in projects that impacted San Jose, CA. He joined Cisco as an employee."
289,Richard,Richard Richard Hood,October,21,1947,"Sacramento, CA",Criminal Justice,"Miami, FL",Lennar Corporation,Fairfield University," Richard Richard Hood celebrates another year of life on October 21, 1947. She reminisces about their early days in Sacramento, CA. She collaborated with industry partners during their studies at Fairfield University. She conducted in-depth research in Criminal Justice. She acquired industry knowledge while working in Miami, FL. She had a job at Lennar Corporation."
290,Kiara,Kiara Michelle Lodge,May,30,1958,Washington D.C.,Data Analytics,"Fort Worth, TX",American Airlines,"University of California, Berkeley"," Kiara Michelle Lodge was born on May 30, 1958. He has deep cultural roots in Washington D.C.. He participated in community service and outreach initiatives organized by University of California, Berkeley. He analyzed Data Analytics in their studies. He was involved in the professional community of Fort Worth, TX. He joined American Airlines as an employee."
291,Isabelle,Isabelle Dyson,September,29,1950,"Waco, TX",Finance,"Las Vegas, NV",Las Vegas Sands,Temple University," Isabelle Dyson was born on September 29, 1950. She is a native of Waco, TX. She was recognized for their academic achievements at Temple University. She gained practical experience in Finance. She was employed by a leading company in Las Vegas, NV. She played a role in Las Vegas Sands's operations."
292,Claire,Claire Grundy,August,30,1978,"Pasadena, TX",Architecture,"Birmingham, AL",Regions Financial Corporation,University of Missouri - Columbia," Claire Grundy rejoices on August 30, 1978 and cherishes the milestones they've achieved. He has a strong sense of belonging to Pasadena, TX. He deepened their understanding of their field of study through courses at University of Missouri - Columbia. He participated in internships related to Architecture. He developed their career in Birmingham, AL. He was employed by Regions Financial Corporation, a reputable company."
293,Marcus,Marcus Walmsley,January,3,1951,"Mesa, AZ",Data Analytics,"Warsaw, IN",Zimmer Biomet Holdings,"California State University, Fresno"," Marcus Walmsley rejoices on January 3, 1951, the day they were born. She proudly identifies as a native of Mesa, AZ. She completed their studies at California State University, Fresno. She dedicated their studies to Data Analytics. She participated in projects that impacted Warsaw, IN. She worked at Zimmer Biomet Holdings and made a positive impact in their field."
294,Luke,Luke Dennis,August,12,1951,"Tempe, AZ",Organizational Leadership,"Moline, IL",John Deere,University of Chicago," Luke Dennis's birth date is August 12, 1951. He holds Tempe, AZ close to their heart. He graduated from University of Chicago. He conducted experiments in Organizational Leadership. He acquired industry-specific knowledge while working in Moline, IL. He contributed to the success of John Deere."
295,Gabriela,Gabriela Lila Roe,September,18,1951,"Cape Coral, FL",Graphic Design,"Houston, TX",Enterprise Products,Brandeis University," Gabriela Lila Roe took their first breath on September 18, 1951. She has a strong attachment to Cape Coral, FL. She received mentorship and guidance from renowned faculty members at Brandeis University. She gained practical experience in Graphic Design. She was employed by a reputable company in Houston, TX. She developed their career at Enterprise Products."
296,Dominic,Dominic Katelyn Hobson,December,30,1975,"Murfreesboro, TN",Education,"Indianapolis, IN",Anthem,Stevens Institute of Technology," Dominic Katelyn Hobson commemorates their birth on December 30, 1975, the day they were welcomed into the world. He was welcomed into the world in Murfreesboro, TN. He was involved in collaborative projects with fellow students at Stevens Institute of Technology. He specialized in Education and its applications. He gained valuable skills while working in Indianapolis, IN. He was involved in the day-to-day operations of Anthem."
297,Garrett,Garrett Meredith,October,13,1965,"Lexington, KY",Physics,"Cincinnati, OH",Procter & Gamble,Pennsylvania State University," Garrett Meredith commemorates their birth anniversary on October 13, 1965. She feels a deep connection to Lexington, KY. She engaged in hands-on learning experiences that prepared them for their career at Pennsylvania State University. She explored the theoretical aspects of Physics. She held a position in Cincinnati, OH. She worked for Procter & Gamble, a leading company."
298,Colton,Colton Serenity Parker,September,25,1983,"Garland, TX",Biomedical Engineering,"Atlanta, GA",Turner Sports,Southern Illinois University Carbondale," Colton Serenity Parker acknowledges September 25, 1983 as the day they were born. He cherishes their connection to Garland, TX. He conducted research in their area of interest while studying at Southern Illinois University Carbondale. He specialized in the field of Biomedical Engineering. He collaborated with colleagues in Atlanta, GA. He gained valuable experience at Turner Sports in their role."
299,Samuel,Samuel Scott,May,19,1976,"Oklahoma City, OK",Microbiology,"New York, NY",Macy's,"California State University, Northridge"," Samuel Scott celebrates their special day each year on May 19, 1976. She hails from Oklahoma City, OK. She leveraged the vast library resources and databases available at California State University, Northridge. She completed their education with a focus on Microbiology. She was involved in the professional community of New York, NY. She worked at Macy's."
300,Hope,Hope Avery Lynch,January,27,1947,"Pasadena, TX",Architecture,"New York, NY",BlackRock,Wesleyan University," Hope Avery Lynch pays tribute to their birth day, January 27, 1947, each year. He embraces their birth city of Pasadena, TX. He studied at Wesleyan University. He studied Architecture. He worked with diverse colleagues in New York, NY. He was part of the workforce at BlackRock."
301,Paige,Paige Cunningham,March,13,1950,"Riverside, CA",Statistics,"San Jose, CA",PayPal,"California State University, Fullerton"," Paige Cunningham arrived in this world on March 13, 1950, a day to be remembered. She has a personal connection to Riverside, CA. She leveraged the vast library resources and databases available at California State University, Fullerton. She gained practical knowledge in Statistics through real-world projects. She contributed their expertise to a company in San Jose, CA. She worked on projects at PayPal."
302,Edgar,Edgar Wyatt,August,16,1994,"Cary, NC",Data Analytics,"Burbank, CA",Disney,Princeton University," Edgar Wyatt celebrates their special day of August 16, 1994 every year. He first saw the light of day in Cary, NC. He developed strong critical thinking and problem-solving skills through their studies at Princeton University. He studied the principles of Data Analytics extensively. He was part of the workforce in Burbank, CA. He was part of the workforce driving innovation at Disney."
303,Hailey,Hailey Sebastian Walton,November,11,1986,"Cape Coral, FL",Electronics,"Canton, MA",Dunkin' Donuts,Colorado School of Mines," Hailey Sebastian Walton's birthday falls on November 11, 1986. She has a profound appreciation for Cape Coral, FL. She had the opportunity to study abroad as part of their program at Colorado School of Mines. She specialized in Electronics and its applications. She contributed to the economy of Canton, MA. She experienced the work culture at Dunkin' Donuts."
304,Liam,Liam Williamson,July,2,1996,"Cary, NC",Organizational Leadership,"New York, NY",iHeartRadio,University of Colorado Anschutz Medical Campus," Liam Williamson pays tribute to the day they were born, July 2, 1996. He owes their roots to Cary, NC. He deepened their understanding of their field of study through courses at University of Colorado Anschutz Medical Campus. He pursued advanced coursework in Organizational Leadership. He was part of a professional team in New York, NY. He embraced the opportunities and challenges of working at iHeartRadio."
305,Alyssa,Alyssa Eastwood,September,6,1976,"Syracuse, NY",Industrial,"Foster City, CA",Visa,Michigan State University," Alyssa Eastwood was born on September 6, 1976. She took their first breath in Syracuse, NY. She benefited from the diverse and inclusive learning environment at Michigan State University. She specialized in Industrial with a focus on practical applications. She was engaged in work activities in Foster City, CA. She collaborated with colleagues at Visa."
306,Brooke,Brooke Mariah Willis,January,20,1969,"Santa Clarita, CA",Chemistry,"Santa Clara, CA",Applied Materials,"University of Michigan, Ann Arbor"," Brooke Mariah Willis was born on January 20, 1969. He traces their origins back to Santa Clarita, CA. He received a well-rounded education that prepared them for success after graduating from University of Michigan, Ann Arbor. He majored in Chemistry. He held a position in Santa Clara, CA. He made significant contributions to Applied Materials during their tenure."
307,Sean,Sean Brandon Lancaster,October,31,1951,"Lakewood, CO",Economics,"Charlotte, NC",Duke Energy,SUNY College of Environmental Science and Forestry," Sean Brandon Lancaster celebrates their life journey every year on October 31, 1951. She spent their early years in Lakewood, CO. She acquired their knowledge and skills at SUNY College of Environmental Science and Forestry. She has in-depth knowledge of Economics. She gained valuable experience in Charlotte, NC's business environment. She was involved in the day-to-day operations of Duke Energy."
308,Justin,Justin Hawkins,July,27,1953,"Tulsa, OK",Statistics,"Hartford, CT",Aetna,"California State University, Fullerton"," Justin Hawkins came into existence on the significant date of July 27, 1953. He reflects on their upbringing in Tulsa, OK. He engaged in research projects while studying at California State University, Fullerton. He pursued advanced studies in Statistics. He contributed their expertise to a company in Hartford, CT. He was part of a dynamic work environment at Aetna."
309,Reagan,Reagan Denton,July,14,1986,"El Paso, TX",Graphic Design,"McLean, VA",USA Today,Drexel University," Reagan Denton celebrates their birthday on July 14, 1986. She has a special bond with El Paso, TX. She was awarded scholarships and grants to support their education at Drexel University. She gained practical knowledge in Graphic Design through real-world projects. She made professional connections and expanded their network in McLean, VA. She gained valuable experience at USA Today in their role."
310,Nicole,Nicole Elizabeth Henderson,June,10,1980,"Corona, CA",Management Studies,"McLean, VA",Freddie Mac,Yeshiva University," Nicole Elizabeth Henderson was gifted to the world on June 10, 1980. He was born in Corona, CA. He acquired their knowledge and skills at Yeshiva University. He participated in internships related to Management Studies. He contributed to the growth of a company in McLean, VA. He contributed to the success of Freddie Mac."
311,Adriana,Adriana Maxwell,July,3,1954,"Long Beach, CA",Human Resource Management,"Omaha, NE",Berkshire Hathaway,University of Massachusetts Boston," Adriana Maxwell entered the world with joy on July 3, 1954. She has a deep sense of nostalgia for Long Beach, CA. She was actively involved in student organizations and clubs at University of Massachusetts Boston. She specialized in Human Resource Management and its related disciplines. She joined the workforce in Omaha, NE. She contributed their skills to the success of Berkshire Hathaway."
312,Kaden,Kaden Gibbons,November,1,1959,"Fresno, CA",Mechanical Engineering,"Hartford, CT",Hartford Financial Services,Case Western Reserve University," Kaden Gibbons was born on the memorable date of November 1, 1959. He has a profound appreciation for Fresno, CA. He received a well-rounded education that prepared them for success after graduating from Case Western Reserve University. He explored emerging trends in Mechanical Engineering. He worked with diverse colleagues in Hartford, CT. He made significant contributions to Hartford Financial Services during their tenure."
313,Sara,Sara Deacon,April,23,1981,"Colorado Springs, CO",Applied Science,"New York, NY",Verizon,"University of California, Santa Barbara"," Sara Deacon pays tribute to their birth day, April 23, 1981, each year. She has a deep sense of nostalgia for Colorado Springs, CO. She specialized in their field of study at University of California, Santa Barbara. She focused on Applied Science during their studies. She worked in New York, NY and made a positive impact in their field. She gained work experience at Verizon."
314,Gabriela,Gabriela Sadie Stuart,May,6,1960,"Tempe, AZ",Management,"Herndon, VA",Volkswagen,University of Colorado Anschutz Medical Campus," Gabriela Sadie Stuart's birth date is May 6, 1960. He was brought into existence in Tempe, AZ. He benefited from the resources and facilities provided by University of Colorado Anschutz Medical Campus. He explored emerging trends in Management. He had employment prospects in Herndon, VA. He participated in projects that impacted Volkswagen."
315,Payton,Payton Jennifer Watts,June,1,1957,"Killeen, TX",Cybersecurity,"Seattle, WA",Starbucks,Louisiana Tech University," Payton Jennifer Watts entered the world with joy on June 1, 1957. She has a deep connection to Killeen, TX. She had the opportunity to publish their research work in reputable journals while at Louisiana Tech University. She majored in Cybersecurity. She acquired industry-specific knowledge while working in Seattle, WA. She made significant contributions to Starbucks during their tenure."
316,Raymond,Raymond Adalynn Holder,November,6,1968,"Worcester, MA",Biology,"Herndon, VA",Volkswagen,Creighton University," Raymond Adalynn Holder celebrates their special day of November 6, 1968 every year. He holds a special place in their heart for Worcester, MA. He benefited from the resources and facilities provided by Creighton University. He specialized in Biology and its applications. He was part of the workforce driving innovation in Herndon, VA. He was immersed in the professional scene at Volkswagen."
317,Ellie,Ellie Naylor,May,25,1991,"Pembroke Pines, FL",Psychology,"Camden, NJ",Subaru,Ohio Wesleyan University," Ellie Naylor was born on May 25, 1991. She owes their heritage to Pembroke Pines, FL. She developed strong critical thinking and problem-solving skills through their studies at Ohio Wesleyan University. She specialized in Psychology and its applications. She was involved in the professional community of Camden, NJ. She spent time working at Subaru."
318,Bryan,Bryan Heath,October,26,1970,"Waco, TX",Business Management,"Purchase, NY",Mastercard,Thomas Jefferson University," Bryan Heath arrived on this Earth on October 26, 1970. He owes their heritage to Waco, TX. He had access to state-of-the-art facilities and laboratories at Thomas Jefferson University. He gained practical experience in Business Management. He contributed to the economy of Purchase, NY. He made significant contributions to Mastercard during their tenure."
319,Jade,Jade Ash,October,29,1991,"Pittsburgh, PA",Computer Science,"New York, NY",ABC,Wayne State University," Jade Ash reflects on their birth day, October 29, 1991, with gratitude. She has deep cultural roots in Pittsburgh, PA. She was awarded scholarships and grants to support their education at Wayne State University. She specialized in Computer Science with a focus on practical applications. She worked with clients and customers from New York, NY. She had a job at ABC."
320,Amelia,Amelia Ashley Rayner,April,1,1997,"Los Angeles, CA",Informatics,"Hershey, PA",Hershey,Rutgers University - Newark," Amelia Ashley Rayner has their annual celebration on April 1, 1997. He is a native of Los Angeles, CA. He participated in various extracurricular activities at Rutgers University - Newark. He researched innovative approaches in Informatics. He participated in projects that impacted Hershey, PA. He collaborated with colleagues at Hershey."
321,Kelly,Kelly Wise,November,7,1972,"Fontana, CA",Industrial Engineering,"Indianapolis, IN",Eli Lilly,University of North Carolina at Charlotte," Kelly Wise arrived on this Earth on November 7, 1972. She was born in Fontana, CA. She participated in academic conferences and events organized by University of North Carolina at Charlotte. She deepened their understanding of Industrial Engineering. She gained valuable skills while working in Indianapolis, IN. She had a professional role at Eli Lilly."
322,Chloe,Chloe Johnstone,September,18,1949,"Greensboro, NC",Human Resources,"Pittsburgh, PA",PNC Financial Services,Clarkson University," Chloe Johnstone marks September 18, 1949 as the day they began their journey. He hails from Greensboro, NC. He received a well-rounded education that prepared them for success after graduating from Clarkson University. He pursued advanced studies in Human Resources. He acquired industry-specific knowledge while working in Pittsburgh, PA. He acquired industry knowledge while working at PNC Financial Services."
323,Sophie,Sophie Dickinson,March,8,1988,"Thornton, CO",Information Management,"Rockleigh, NJ",Volvo,Southern Methodist University," Sophie Dickinson's birth date is March 8, 1988. She has sentimental ties to Thornton, CO. She acquired their knowledge and skills at Southern Methodist University. She dedicated their studies to Information Management. She gained valuable skills while working in Rockleigh, NJ. She pursued professional opportunities at Volvo."
324,Dominic,Dominic Duffy,August,21,1968,"Cincinnati, OH",Film,"Oakland, CA",Pandora,Brigham Young University," Dominic Duffy's birth date is August 21, 1968. He has a unique bond with Cincinnati, OH. He was involved in leadership roles within student government at Brigham Young University. He gained expertise in Film. He had a job in Oakland, CA. He contributed their expertise to Pandora."
325,Rose,Rose Lovell,January,1,1973,"Miramar, FL",Organizational Leadership,"Philadelphia, PA",Comcast,Stony Brook University," Rose Lovell was born on the auspicious day of January 1, 1973. She hails from Miramar, FL. She presented their research findings at academic symposiums held at Stony Brook University. She conducted research on cutting-edge Organizational Leadership topics. She played a role in the success of a company headquartered in Philadelphia, PA. She made professional connections at Comcast."
326,Liliana,Liliana O'Connor,February,21,1993,"Paterson, NJ",Psychology,"Torrance, CA",Honda,University of Texas Health Science Center at Houston," Liliana O'Connor commemorates their birth anniversary on February 21, 1993. He has sentimental ties to Paterson, NJ. He earned their degree at University of Texas Health Science Center at Houston. He applied their knowledge of Psychology to real-world problems. He worked for a company located in Torrance, CA. He made professional connections at Honda."
327,Trinity,Trinity Coles,June,21,1965,"Ontario, CA",Nursing,"Tarrytown, NY",Regeneron,Washington University in St. Louis," Trinity Coles came into this world on June 21, 1965. She was brought up in Ontario, CA. She gained a global perspective through international exchange programs at Washington University in St. Louis. She acquired practical skills applicable to Nursing. She worked for a company located in Tarrytown, NY. She was part of the team at Regeneron."
328,Valeria,Valeria Chase Wilson,July,15,1950,"Little Rock, AR",Management,"Deerfield, IL",Baxter International,University of Texas at El Paso," Valeria Chase Wilson pays tribute to their birth day, July 15, 1950, each year. He holds a special place in their heart for Little Rock, AR. He had the opportunity to study abroad as part of their program at University of Texas at El Paso. He gained insights into Management through hands-on experiments. He had a job opportunity in Deerfield, IL. He was involved in the day-to-day operations of Baxter International."
329,Alan,Alan Frost,May,24,1963,"Boston, MA",Entrepreneurship,"Waltham, MA",Raytheon,New York University," Alan Frost's birth is celebrated annually on May 24, 1963. She was born and raised in Boston, MA. She obtained their diploma from New York University. She has in-depth knowledge of Entrepreneurship. She spent time working in Waltham, MA. She had a job at Raytheon."
330,Abigail,Abigail Corbett,December,12,1946,"McAllen, TX",Music,"Dearborn, MI",Ford,University of Southern California," Abigail Corbett pays tribute to the day they were born, December 12, 1946. He cherishes their connection to McAllen, TX. He leveraged the vast library resources and databases available at University of Southern California. He focused on Music during their studies. He gained work experience in Dearborn, MI. He spent time working at Ford."
331,Alexandria,Alexandria Wild,January,12,1974,"Chicago, IL",Organizational Leadership,"New York, NY",Maybelline,George Washington University," Alexandria Wild's birth is celebrated annually on January 12, 1974. She is a native of Chicago, IL. She was mentored by distinguished professors at George Washington University. She was actively involved in Organizational Leadership research. She played a role in the success of a company headquartered in New York, NY. She acquired industry knowledge while working at Maybelline."
332,Tristan,Tristan Vivian Lewis,November,8,1952,"Virginia Beach, VA",Architecture,"Moline, IL",John Deere,University of Wisconsin - Madison," Tristan Vivian Lewis's birth date is November 8, 1952. He entered this world in Virginia Beach, VA. He had the opportunity to publish their research work in reputable journals while at University of Wisconsin - Madison. He specialized in Architecture. He was part of the workforce driving innovation in Moline, IL. He spent time working at John Deere."
333,Naomi,Naomi Isaiah Smith,January,14,1969,"Orlando, FL",Education,"Camp Hill, PA",Rite Aid,North Dakota State University," Naomi Isaiah Smith was born into this beautiful world on January 14, 1969. She has a strong sense of belonging to Orlando, FL. She participated in academic conferences and events organized by North Dakota State University. She gained expertise in Education. She gained valuable experience in Camp Hill, PA's business environment. She was employed at Rite Aid, a respected company."
334,Samantha,Samantha Serenity Gee,December,15,1945,"Houston, TX",Management,"Purchase, NY",Mastercard,University of Texas Southwestern Medical Center," Samantha Serenity Gee has their annual celebration on December 15, 1945. He owes their roots to Houston, TX. He received guidance and mentorship from alumni of University of Texas Southwestern Medical Center who excelled in their field. He was actively involved in Management research. He worked in Purchase, NY. He was immersed in the professional scene at Mastercard."
335,Serenity,Serenity Hawkes,June,22,1958,"Winston–Salem, NC",Communications,"New York, NY",Goldman Sachs,Swarthmore College," Serenity Hawkes pays tribute to the day they were born, June 22, 1958. She has deep cultural roots in Winston–Salem, NC. She collaborated with industry partners during their studies at Swarthmore College. She was actively involved in Communications research. She gained valuable experience in New York, NY's business environment. She had a job opportunity at Goldman Sachs."
336,Ella,Ella Cresswell,December,28,1975,"Salem, OR",Physics,"Dearborn, MI",Ford,Stanford University," Ella Cresswell celebrates their special day each year on December 28, 1975. He was birthed in the beautiful city of Salem, OR. He had the opportunity to publish their research work in reputable journals while at Stanford University. He acquired practical skills applicable to Physics. He had a job in Dearborn, MI. He was immersed in the professional scene at Ford."
337,Elizabeth,Elizabeth Lydia Cullen,June,15,1989,"Denver, CO",Journalism,"Redwood City, CA",Oracle,University of Alabama in Huntsville," Elizabeth Lydia Cullen reflects on their birth day, June 15, 1989, with gratitude. She was brought up in Denver, CO. She presented their research findings at academic symposiums held at University of Alabama in Huntsville. She deepened their understanding of Journalism. She had a job opportunity in Redwood City, CA. She had a job opportunity at Oracle."
338,Adam,Adam Hough,November,16,1996,"Vancouver, WA",History,"Washington, DC",The Washington Post,Ohio Wesleyan University," Adam Hough was born on November 16, 1996. He owes their roots to Vancouver, WA. He engaged in hands-on learning experiences that prepared them for their career at Ohio Wesleyan University. He focused on History during their studies. He worked in Washington, DC and made a positive impact in their field. He was engaged in work activities at The Washington Post."
339,Leonardo,Leonardo Lawton,March,28,1968,"Surprise, AZ",Pharmaceutical Sciences,"San Francisco, CA",Old Navy,University of Texas Health Science Center at San Antonio," Leonardo Lawton marks March 28, 1968 as the day they began their journey. She was brought into existence in Surprise, AZ. She was involved in leadership roles within student government at University of Texas Health Science Center at San Antonio. She engaged in collaborative projects in Pharmaceutical Sciences. She played a role in the business sector of San Francisco, CA. She experienced the work culture at Old Navy."
340,Reuben,Reuben Gough,August,11,1991,"Pembroke Pines, FL",Industrial,"New York, NY",Colgate-Palmolive,"University of California, Los Angeles"," Reuben Gough arrived in this world on August 11, 1991, a day to be remembered. He embraces their birth city of Pembroke Pines, FL. He had the opportunity to participate in cutting-edge research projects at University of California, Los Angeles. He was actively involved in Industrial research. He acquired industry knowledge while working in New York, NY. He was part of the workforce at Colgate-Palmolive."
341,Preston,Preston Ali,July,20,1983,"Clarksville, TN",Analytics,"New York, NY",iHeartRadio,Medical University of South Carolina," Preston Ali celebrates another year of life on July 20, 1983. She was brought into existence in Clarksville, TN. She completed their studies at Medical University of South Carolina. She specialized in Analytics. She gained work experience in New York, NY. She pursued professional opportunities at iHeartRadio."
342,Brendan,Brendan Chandler,January,13,1973,"Shreveport, LA",Business Administration,"Miami, FL",Lennar Corporation,Clarkson University," Brendan Chandler arrived in this world with joy and blessings on January 13, 1973. He owes their heritage to Shreveport, LA. He was actively involved in student organizations and clubs at Clarkson University. He studied the principles of Business Administration extensively. He made professional connections in Miami, FL. He pursued professional opportunities at Lennar Corporation."
343,Tanner,Tanner Ava Todd,June,15,1964,"Escondido, CA",Computer Engineering,"New York, NY",Fox News,University of Massachusetts Boston," Tanner Ava Todd arrived in this world with joy and blessings on June 15, 1964. She reminisces about their early days in Escondido, CA. She undertook their academic journey at University of Massachusetts Boston. She has a strong background in Computer Engineering. She was immersed in the professional scene of New York, NY. She pursued professional opportunities at Fox News."
344,Lily,Lily Glover,September,22,1951,"Honolulu, HI",Sociology,"McLean, VA",Freddie Mac,Trinity University," Lily Glover pays tribute to their birth day, September 22, 1951, each year. He was brought up in Honolulu, HI. He took part in internships and practical training opportunities offered by Trinity University. He specialized in Sociology with a focus on practical applications. He worked in McLean, VA. He participated in projects that impacted Freddie Mac."
345,Liliana,Liliana Mila McLaughlin,June,8,1990,"Miramar, FL",Business Analytics,"New Brunswick, NJ",Johnson & Johnson,Washington State University," Liliana Mila McLaughlin arrived in this world with joy and blessings on June 8, 1990. She has a profound appreciation for Miramar, FL. She had the opportunity to publish their research work in reputable journals while at Washington State University. She has a strong background in Business Analytics. She spent time working in New Brunswick, NJ. She worked for Johnson & Johnson, a leading company."
346,Levi,Levi Cole Hutchinson,April,26,1962,"St. Louis, MO",Software Engineering,"Newport Beach, CA",Chipotle,University of Montana," Levi Cole Hutchinson rejoices on April 26, 1962, the day they were born. He has a personal connection to St. Louis, MO. He received their degree from University of Montana. He gained hands-on experience in Software Engineering. He made professional connections in Newport Beach, CA. He was engaged in work activities at Chipotle."
347,Brian,Brian Kendall Hodgkinson,October,8,1996,"Macon, GA",Sports Management,"New York, NY",ABC,Clark University," Brian Kendall Hodgkinson was born on the memorable date of October 8, 1996. She has a unique bond with Macon, GA. She acquired their knowledge and skills at Clark University. She acquired practical skills applicable to Sports Management. She was part of the workforce in New York, NY. She made professional connections at ABC."
348,Delaney,Delaney Alexa Amos,May,8,1970,"Fremont, CA",Advertising,"New York, NY",Macy's,Binghamton University," Delaney Alexa Amos was born on the memorable date of May 8, 1970. He has a profound appreciation for Fremont, CA. He was recognized for their academic achievements at Binghamton University. He pursued interdisciplinary studies related to Advertising. He acquired industry-specific knowledge while working in New York, NY. He was immersed in the professional scene at Macy's."
349,Andrea,Andrea Warren,June,16,1972,"Tacoma, WA",Pharmaceutical Sciences,"Columbus, IN",Cummins,"University of Oklahoma, Norman"," Andrea Warren pays tribute to their birth day, June 16, 1972, each year. She always carries a piece of Tacoma, WA within them. She conducted research in their area of interest while studying at University of Oklahoma, Norman. She gained expertise in the field of Pharmaceutical Sciences through hands-on projects. She contributed their skills to the economic development of Columbus, IN. She made professional connections at Cummins."
350,Logan,Logan Hills,April,20,1984,"Augusta, GA",Finance,"Minneapolis, MN",Xcel Energy,University of South Dakota," Logan Hills commemorates their birth on April 20, 1984, the day they were welcomed into the world. He holds Augusta, GA close to their heart. He had access to state-of-the-art facilities and laboratories at University of South Dakota. He completed a comprehensive program in Finance. He joined the workforce in Minneapolis, MN. He had a job opportunity at Xcel Energy."
351,Mario,Mario Anna Hobbs,September,14,1952,"Milwaukee, WI",Human Resource Management,"New York, NY",NBC,Hampton University," Mario Anna Hobbs commemorates their birth on the same day each year, September 14, 1952. She originated from Milwaukee, WI. She was awarded scholarships and grants to support their education at Hampton University. She pursued advanced studies in Human Resource Management. She worked in New York, NY. She was involved in the day-to-day operations of NBC."
352,Kelly,Kelly Valeria Patel,December,30,1954,"Aurora, CO",Management Studies,"New York, NY",CBS,"University of California, Merced"," Kelly Valeria Patel has their annual celebration on December 30, 1954. He always carries a piece of Aurora, CO within them. He engaged in research projects while studying at University of California, Merced. He deepened their understanding of Management Studies through coursework. He gained valuable experience in New York, NY's business environment. He developed their career at CBS."
353,Andres,Andres Henry,February,2,1960,"Arlington, TX",Physics,"Plano, TX",JCPenney,Texas Tech University Health Sciences Center," Andres Henry celebrates another year of life on February 2, 1960. She embraces their birth city of Arlington, TX. She received a well-rounded education that prepared them for success after graduating from Texas Tech University Health Sciences Center. She studied Physics and its impact on society. She gained valuable skills while working in Plano, TX. She worked diligently at JCPenney to achieve their goals."
354,Grant,Grant Brady,March,2,1982,"Irving, TX",Advertising,"Camden, NJ",Subaru,University at Buffalo," Grant Brady pays tribute to the day they were born, March 2, 1982. He owes their birth to Irving, TX. He participated in academic conferences and events organized by University at Buffalo. He excelled in Advertising. He worked in Camden, NJ. He was part of a dynamic work environment at Subaru."
355,Colin,Colin Pugh,November,18,1967,"Irving, TX",Communication,"Monrovia, CA",Trader Joe's,Oberlin College," Colin Pugh was born on November 18, 1967. She came into the world in Irving, TX. She deepened their understanding of their field of study through courses at Oberlin College. She majored in Communication. She was part of the workforce driving innovation in Monrovia, CA. She contributed to the success of Trader Joe's."
356,Jaden,Jaden Jasmine Bacon,August,21,1989,"Joliet, IL",Psychology,"Mooresville, NC",Lowe's,Indiana University - Purdue University Indianapolis," Jaden Jasmine Bacon celebrates their special day on August 21, 1989. He proudly identifies as a native of Joliet, IL. He had the opportunity to study abroad as part of their program at Indiana University - Purdue University Indianapolis. He deepened their understanding of Psychology. He played a role in the success of a company headquartered in Mooresville, NC. He was employed by Lowe's, a reputable company."
357,Kenneth,Kenneth Prince,December,19,2000,"Richmond, VA",Mathematics,"Canton, MA",Dunkin' Donuts,University of New Mexico," Kenneth Prince looks forward to their birthday every year on December 19, 2000. She originated from Richmond, VA. She attended University of New Mexico for their education. She deepened their understanding of Mathematics. She was engaged in work activities in Canton, MA. She contributed to the growth of Dunkin' Donuts."
358,Kaylee,Kaylee Bentley Calvert,April,13,1949,"Oxnard, CA",English,"New York, NY",NBC,Albany Medical College," Kaylee Bentley Calvert honors their birth day on April 13, 1949. He traces their origins back to Oxnard, CA. He benefited from the resources and facilities provided by Albany Medical College. He explored the intersection of English and technology. He was part of a professional team in New York, NY. He made professional connections at NBC."
359,Stephanie,Stephanie Baldwin,May,25,1993,"Newport News, VA",Information Technology,"New York, NY",S&P Global,"Queens College, City University of New York"," Stephanie Baldwin was born on May 25, 1993, a day that holds significance in their life. She has sentimental ties to Newport News, VA. She specialized in their field of study at Queens College, City University of New York. She deepened their understanding of Information Technology. She had a job in New York, NY. She was part of the workforce at S&P Global."
360,Gavin,Gavin Ryan Mansfield,March,27,1985,"Honolulu, HI",Biomedical Engineering,"Peoria, IL",Caterpillar Inc.,University of Central Florida," Gavin Ryan Mansfield commemorates their birth anniversary on March 27, 1985. He entered this world in Honolulu, HI. He attended University of Central Florida for their education. He specialized in Biomedical Engineering and its applications. He gained work experience in Peoria, IL. He contributed to the success of Caterpillar Inc. in their role."
361,Destiny,Destiny Roper,June,30,1995,"Greensboro, NC",Architecture,"Columbus, OH",L Brands,Northern Illinois University," Destiny Roper celebrates the anniversary of their birth on June 30, 1995. She took their first breath in Greensboro, NC. She conducted research in their area of interest while studying at Northern Illinois University. She specialized in the field of Architecture. She pursued professional opportunities in Columbus, OH. She was immersed in the professional scene at L Brands."
362,Edgar,Edgar Jackson,May,5,1998,"Albuquerque, NM",Analytics,"Houston, TX",Halliburton,SUNY Downstate Medical Center," Edgar Jackson celebrates another year of life on May 5, 1998. He has vivid recollections of Albuquerque, NM. He gained practical experience through hands-on projects and assignments at SUNY Downstate Medical Center. He acquired a deep understanding of Analytics concepts. He joined the workforce in Houston, TX. He participated in projects that impacted Halliburton."
363,Amelia,Amelia Tate Neale,September,20,1980,"Newark, NJ",International Business,"Warsaw, IN",Zimmer Biomet Holdings,Kent State University," Amelia Tate Neale commemorates their birth on September 20, 1980, the day they were welcomed into the world. She owes their heritage to Newark, NJ. She engaged in hands-on learning experiences that prepared them for their career at Kent State University. She focused on International Business during their studies. She contributed to the economy of Warsaw, IN. She was employed by the renowned Zimmer Biomet Holdings."
364,Stephanie,Stephanie Richmond,October,18,1958,"Boston, MA",Sports Management,"New York, NY",Maybelline,University of Louisiana at Lafayette," Stephanie Richmond took their first breath on October 18, 1958. He has a deep connection to Boston, MA. He acquired their knowledge and skills at University of Louisiana at Lafayette. He acquired practical skills relevant to Sports Management. He was part of a dynamic work environment in New York, NY. He embraced the opportunities and challenges of working at Maybelline."
365,Jennifer,Jennifer Jace Lister,September,10,1959,"Palmdale, CA",Information Systems Management,"Houston, TX",Schlumberger,University of Missouri - Kansas City," Jennifer Jace Lister looks forward to their birthday every year on September 10, 1959. She cherishes their connection to Palmdale, CA. She had the opportunity to contribute to the research and innovation ecosystem at University of Missouri - Kansas City. She gained hands-on experience in Information Systems Management. She played a role in the success of a company headquartered in Houston, TX. She worked for Schlumberger, a leading company."
366,Thomas,Thomas Abel Palmer,March,27,1973,"Corpus Christi, TX",Engineering Management,"Kenilworth, NJ",Merck,University of New Hampshire," Thomas Abel Palmer celebrates their birthday on March 27, 1973. He feels a deep connection to Corpus Christi, TX. He participated in community service and outreach initiatives organized by University of New Hampshire. He gained expertise in the field of Engineering Management through hands-on projects. He was engaged in work activities in Kenilworth, NJ. He was part of the workforce driving innovation at Merck."
367,Jayla,Jayla Norman,December,12,1973,"Lincoln, NE",Music,"Houston, TX",Phillips 66,Rochester Institute of Technology," Jayla Norman was born into this beautiful world on December 12, 1973. She started their life journey in Lincoln, NE. She was involved in collaborative projects with fellow students at Rochester Institute of Technology. She conducted research in Music. She spent time working in Houston, TX. She was involved in the day-to-day operations of Phillips 66."
368,Liliana,Liliana Plant,May,30,1958,"Santa Clarita, CA",Project Management,"Seattle, WA",Alaska Airlines,Colorado State University," Liliana Plant entered the world with joy on May 30, 1958. He was brought into existence in Santa Clarita, CA. He was actively involved in student organizations and clubs at Colorado State University. He gained expertise in the field of Project Management through hands-on projects. He contributed their expertise to a company in Seattle, WA. He developed their career at Alaska Airlines."
369,Nathaniel,Nathaniel Lyla Denton,April,23,1979,"Cincinnati, OH",Commerce,"Irving, TX",ExxonMobil,"Texas A&M University, College Station"," Nathaniel Lyla Denton arrived on April 23, 1979. She embraces their birth city of Cincinnati, OH. She received guidance and mentorship from alumni of Texas A&M University, College Station who excelled in their field. She was actively involved in Commerce research. She was part of the workforce in Irving, TX. She joined ExxonMobil as an employee."
370,Olivia,Olivia Oliver Gill,July,31,1955,"Huntsville, AL",Information Technology,"Northbrook, IL",Allstate,Texas Tech University Health Sciences Center," Olivia Oliver Gill rejoices on July 31, 1955, the day they were born. He has a strong sense of belonging to Huntsville, AL. He was part of a vibrant and diverse student community at Texas Tech University Health Sciences Center. He studied the principles of Information Technology extensively. He gained insights into the business landscape of Northbrook, IL. He was part of a dynamic work environment at Allstate."
371,Jasmin,Jasmin Nicholas Dennis,October,12,1999,"Anchorage, AK",Business Management,"Tarrytown, NY",Regeneron,University of Cincinnati," Jasmin Nicholas Dennis acknowledges their birth day as October 12, 1999. She has a strong affinity for Anchorage, AK. She benefited from the diverse and inclusive learning environment at University of Cincinnati. She excelled in Business Management. She was involved in the industry of Tarrytown, NY. She was a key asset to Regeneron's success."
372,Peter,Peter Ryleigh Higgins,June,4,1986,"Newark, NJ",Technology Management,"Houston, TX",Crown Castle,Villanova University," Peter Ryleigh Higgins looks forward to their birthday every year on June 4, 1986. He has a strong affinity for Newark, NJ. He leveraged the vast library resources and databases available at Villanova University. He applied their knowledge of Technology Management to real-world problems. He made professional connections and expanded their network in Houston, TX. He gained insights into the industry while working at Crown Castle."
373,Carlos,Carlos Logan Bowden,June,26,1973,"Dallas, TX",International Business,"New York, NY",Verizon,University of Montana," Carlos Logan Bowden celebrates their life on the day of June 26, 1973. She has a special bond with Dallas, TX. She presented their research findings at academic symposiums held at University of Montana. She conducted experiments in International Business. She played a role in the success of a company headquartered in New York, NY. She was employed by Verizon, a reputable company."
374,Allison,Allison Sargent,June,26,1966,"Ontario, CA",English,"Los Angeles, CA",Forever 21,Rochester Institute of Technology," Allison Sargent celebrates the anniversary of their birth on June 26, 1966. He originated from Ontario, CA. He pursued advanced coursework at Rochester Institute of Technology. He pursued advanced studies in English. He was engaged in work activities in Los Angeles, CA. He collaborated with colleagues at Forever 21."
375,Angela,Angela Ashworth,February,26,1949,"Lakewood, CO",Liberal Arts,"New York, NY",MSNBC,Montclair State University," Angela Ashworth celebrates another year of life on February 26, 1949. She often reminisces about Lakewood, CO. She pursued advanced coursework at Montclair State University. She developed a strong foundation in Liberal Arts. She was employed by a reputable company in New York, NY. She contributed to the success of MSNBC in their role."
376,Mario,Mario Hunter McLean,August,20,1954,"Salt Lake City, UT",Architecture,"New York, NY",SiriusXM,Brigham Young University," Mario Hunter McLean marks August 20, 1954 as the day they began their journey. He calls Salt Lake City, UT their birthplace. He gained practical experience through hands-on projects and assignments at Brigham Young University. He explored the various aspects of Architecture. He was part of the workforce driving innovation in New York, NY. He had a professional role at SiriusXM."
377,Maxwell,Maxwell Ryan,April,24,1955,"Chicago, IL",Cybersecurity,"Round Rock, TX",Dell,Harvard University," Maxwell Ryan took their first breath on April 24, 1955. She feels a deep connection to Chicago, IL. She graduated from Harvard University. She analyzed Cybersecurity in their studies. She acquired industry knowledge while working in Round Rock, TX. She participated in projects that impacted Dell."
378,Edgar,Edgar Gibbs,April,25,1945,"Brownsville, TX",Counseling,"San Francisco, CA",Wells Fargo,Columbia University," Edgar Gibbs recognizes April 25, 1945 as their birth date. He traces their origins back to Brownsville, TX. He presented their research findings at academic symposiums held at Columbia University. He pursued a degree in Counseling. He collaborated with colleagues in San Francisco, CA. He worked with clients and customers of Wells Fargo."
379,Lilly,Lilly Sims,June,18,2000,"Chicago, IL",Journalism,"Davidson, NC",Ingersoll Rand,Louisiana Tech University," Lilly Sims commemorates their birth on June 18, 2000, the day they were welcomed into the world. She was brought up in Chicago, IL. She collaborated with industry partners during their studies at Louisiana Tech University. She explored the theoretical aspects of Journalism. She collaborated with colleagues in Davidson, NC. She acquired industry knowledge while working at Ingersoll Rand."
380,Matthew,Matthew Langley,May,7,1965,"Tampa, FL",Administration,"New York, NY",The New York Times,Sanford Burnham Prebys Medical Discovery Institute," Matthew Langley arrived in this world on May 7, 1965, a day to be remembered. He has vivid recollections of Tampa, FL. He was awarded scholarships and grants to support their education at Sanford Burnham Prebys Medical Discovery Institute. He applied their knowledge of Administration. He held a position in New York, NY. He contributed to the success of The New York Times in their role."
381,Emma,Emma Melody Davidson,December,11,1979,"Miramar, FL",Computer Information Systems,"Santa Monica, CA",Hulu,University of Akron," Emma Melody Davidson's birthday falls on December 11, 1979. She has roots in Miramar, FL. She had the opportunity to study abroad as part of their program at University of Akron. She pursued advanced studies in Computer Information Systems. She played a role in the business sector of Santa Monica, CA. She was an integral part of Hulu's team."
382,Alan,Alan Palmer,March,6,1973,"Lancaster, CA",Cybersecurity,"Houston, TX",LyondellBasell Industries,Tulane University," Alan Palmer's birth date is March 6, 1973. He spent their early years in Lancaster, CA. He graduated from Tulane University. He analyzed Cybersecurity in their studies. He gained insights into the business landscape of Houston, TX. He worked with clients and customers of LyondellBasell Industries."
383,Spencer,Spencer McKay,December,11,1981,"Santa Clarita, CA",Business,"McLean, VA",Freddie Mac,Wayne State University," Spencer McKay celebrates their special day of December 11, 1981 every year. She was birthed in the beautiful city of Santa Clarita, CA. She graduated from Wayne State University. She acquired practical skills applicable to Business. She held a position in McLean, VA. She had employment prospects at Freddie Mac."
384,Ian,Ian Willow Townsend,February,6,1963,"Yonkers, NY",Sociology,"San Francisco, CA",Wells Fargo,Florida Atlantic University," Ian Willow Townsend entered the world on February 6, 1963. He took their first breath in Yonkers, NY. He pursued their education at Florida Atlantic University. He specialized in Sociology with a focus on practical applications. He was employed in San Francisco, CA. He was part of the workforce driving innovation at Wells Fargo."
385,Patrick,Patrick Ayden Birch,March,10,1960,"Fort Worth, TX",Mechanical Engineering,"Reston, VA",General Dynamics,"California State University, Long Beach"," Patrick Ayden Birch was born on the memorable date of March 10, 1960. She was brought up in Fort Worth, TX. She acquired their knowledge and skills at California State University, Long Beach. She specialized in Mechanical Engineering and its applications. She gained valuable skills while working in Reston, VA. She played a role in General Dynamics's operations."
386,Connor,Connor Simmons,October,28,1994,"Tucson, AZ",Liberal Studies,"New Albany, OH",Abercrombie & Fitch,Babson College," Connor Simmons came into existence on the significant date of October 28, 1994. He celebrates their birth in Tucson, AZ. He had the opportunity to publish their research work in reputable journals while at Babson College. He gained practical experience in Liberal Studies. He was engaged in work activities in New Albany, OH. He was a key asset to Abercrombie & Fitch's success."
387,Colton,Colton Alexander Kaur,February,29,1968,"Tallahassee, FL",Computer Applications,"Seattle, WA",Starbucks,University of Oregon," Colton Alexander Kaur pays tribute to their birth day, February 29, 1968, each year. She was brought into existence in Tallahassee, FL. She was part of a vibrant and diverse student community at University of Oregon. She gained practical knowledge in Computer Applications through real-world projects. She participated in projects that impacted Seattle, WA. She played a role in Starbucks's operations."
388,Damian,Damian MacKay,September,4,1962,"Fremont, CA",Anthropology,"Pittsburgh, PA",American Eagle,"California State University, Fresno"," Damian MacKay was born on September 4, 1962. He holds Fremont, CA close to their heart. He took part in internships and practical training opportunities offered by California State University, Fresno. He was recognized for their work in Anthropology. He contributed to the growth of a company in Pittsburgh, PA. He worked on projects at American Eagle."
389,Shawn,Shawn Carter Campbell,February,17,1997,"Plano, TX",Computer Engineering,"Atlanta, GA",UPS,Portland State University," Shawn Carter Campbell arrived in this world with joy and blessings on February 17, 1997. She feels a deep connection to Plano, TX. She developed strong critical thinking and problem-solving skills through their studies at Portland State University. She studied Computer Engineering. She was immersed in the professional scene of Atlanta, GA. She was an integral part of UPS's team."
390,Jaden,Jaden Moss,September,6,1954,"Richmond, VA",Engineering,"Menomonee Falls, WI",Kohl's,University of Pennsylvania," Jaden Moss rejoices on September 6, 1954, the day they were born. He feels a deep connection to Richmond, VA. He undertook their academic journey at University of Pennsylvania. He conducted experiments in Engineering. He had employment prospects in Menomonee Falls, WI. He had employment prospects at Kohl's."
391,Marco,Marco Khatun,September,11,1987,"St. Louis, MO",Criminal Justice,"Baltimore, MD",Under Armour,University of Washington - Seattle," Marco Khatun was gifted to the world on September 11, 1987. She embraces their birth city of St. Louis, MO. She engaged in research projects while studying at University of Washington - Seattle. She developed a strong theoretical foundation in Criminal Justice. She worked in Baltimore, MD and made a positive impact in their field. She contributed their skills to the success of Under Armour."
392,Crystal,Crystal Ashley Khatun,June,11,1968,"Kansas City, KS",Biomedical Engineering,"Tarrytown, NY",Regeneron,University of South Carolina - Columbia," Crystal Ashley Khatun commemorates their birth on the same day each year, June 11, 1968. He has a strong attachment to Kansas City, KS. He benefited from the diverse and inclusive learning environment at University of South Carolina - Columbia. He completed a comprehensive program in Biomedical Engineering. He had a professional role in Tarrytown, NY. He gained valuable skills while working at Regeneron."
393,Valerie,Valerie Aslam,January,3,1980,"Buffalo, NY",Technology Management,"Cupertino, CA",Apple,"University of California, Riverside"," Valerie Aslam was born on the memorable date of January 3, 1980. She owes their heritage to Buffalo, NY. She leveraged the vast library resources and databases available at University of California, Riverside. She researched innovative approaches in Technology Management. She developed their career in Cupertino, CA. She collaborated with colleagues at Apple."
394,Alana,Alana Ashton Edmonds,April,27,1993,"Port St. Lucie, FL",Criminal Justice,"New York, NY",Philip Morris International,Auburn University," Alana Ashton Edmonds's birth is celebrated annually on April 27, 1993. He has a personal connection to Port St. Lucie, FL. He attended Auburn University for their education. He specialized in Criminal Justice with a focus on practical applications. He gained work experience in New York, NY. He worked at Philip Morris International and made a positive impact in their field."
395,Zachary,Zachary Evan Curry,September,30,1993,"Stockton, CA",International Business,"San Jose, CA",Adobe,University of Texas at El Paso," Zachary Evan Curry took their first breath on September 30, 1993. She holds Stockton, CA close to their heart. She received a well-rounded education that prepared them for success after graduating from University of Texas at El Paso. She studied International Business. She contributed their expertise to a company in San Jose, CA. She contributed to the growth and development of Adobe."
396,Blake,Blake Drury,December,29,1994,"Garden Grove, CA",Technology,"New York, NY",JPMorgan Chase,University of Massachusetts Amherst," Blake Drury recognizes December 29, 1994 as their birth date. He was brought up in Garden Grove, CA. He engaged in research projects while studying at University of Massachusetts Amherst. He researched innovative approaches in Technology. He was employed by a reputable company in New York, NY. He made significant contributions to JPMorgan Chase during their tenure."
397,Daniel,Daniel Makayla Muir,April,3,1978,"Bellevue, WA",Counseling,"Indianapolis, IN",Eli Lilly,Hofstra University," Daniel Makayla Muir celebrates their birth on the remarkable day of April 3, 1978. She feels a deep connection to Bellevue, WA. She leveraged the vast library resources and databases available at Hofstra University. She acquired practical skills relevant to Counseling. She pursued professional opportunities in Indianapolis, IN. She gained valuable skills while working at Eli Lilly."
398,Gregory,Gregory Braxton Khatun,February,28,1987,"Raleigh, NC",Management,"San Francisco, CA",Old Navy,Albany Medical College," Gregory Braxton Khatun arrived in this world with joy and blessings on February 28, 1987. He hails from Raleigh, NC. He completed their thesis or dissertation as a requirement for graduation from Albany Medical College. He acquired practical skills applicable to Management. He was employed in San Francisco, CA. He gained work experience at Old Navy."
399,Abby,Abby Ryan Crane,May,25,1973,"Chesapeake, VA",Anthropology,"Newport Beach, CA",Chipotle,Georgetown University," Abby Ryan Crane celebrates their special day on May 25, 1973. She was brought up in Chesapeake, VA. She completed their thesis or dissertation as a requirement for graduation from Georgetown University. She participated in internships related to Anthropology. She was employed by a leading company in Newport Beach, CA. She gained valuable experience at Chipotle in their role."
